/*!40101 SET @OLD_CHARACTER_SET_CLIENT=@@CHARACTER_SET_CLIENT */;
/*!40101 SET NAMES utf8 */;
/*!50503 SET NAMES utf8mb4 */;
/*!40103 SET @OLD_TIME_ZONE=@@TIME_ZONE */;
/*!40103 SET TIME_ZONE='+00:00' */;
/*!40014 SET @OLD_FOREIGN_KEY_CHECKS=@@FOREIGN_KEY_CHECKS, FOREIGN_KEY_CHECKS=0 */;
/*!40101 SET @OLD_SQL_MODE=@@SQL_MODE, SQL_MODE='NO_AUTO_VALUE_ON_ZERO' */;
/*!40111 SET @OLD_SQL_NOTES=@@SQL_NOTES, SQL_NOTES=0 */;

CREATE DATABASE IF NOT EXISTS `kyupang` /*!40100 DEFAULT CHARACTER SET utf8mb3 COLLATE utf8mb3_unicode_ci */ /*!80016 DEFAULT ENCRYPTION='N' */;
USE `kyupang`;

CREATE TABLE IF NOT EXISTS `banner` (
  `bid` int NOT NULL AUTO_INCREMENT,
  `title` varchar(255) COLLATE utf8mb3_unicode_ci NOT NULL DEFAULT '0',
  `bprice` int NOT NULL,
  `imageurl` varchar(255) COLLATE utf8mb3_unicode_ci NOT NULL,
  `mutual` varchar(255) COLLATE utf8mb3_unicode_ci NOT NULL,
  `requestdate` date NOT NULL,
  `approvaldate` date DEFAULT NULL,
  `startdate` date NOT NULL,
  `enddate` date NOT NULL,
  `approved` enum('승인','승인대기','승인거절','취소') CHARACTER SET utf8mb3 COLLATE utf8mb3_unicode_ci NOT NULL,
  `status` enum('활성화','비활성화') CHARACTER SET utf8mb3 COLLATE utf8mb3_unicode_ci NOT NULL DEFAULT '비활성화',
  PRIMARY KEY (`bid`)
) ENGINE=InnoDB AUTO_INCREMENT=9 DEFAULT CHARSET=utf8mb3 COLLATE=utf8mb3_unicode_ci;

INSERT INTO `banner` (`bid`, `title`, `bprice`, `imageurl`, `mutual`, `requestdate`, `approvaldate`, `startdate`, `enddate`, `approved`, `status`) VALUES
	(1, '브랜드 여름할인 안내', 350000, '202004088003_500.jpg', '나이키', '2024-06-18', '2024-06-24', '2024-06-19', '2024-06-21', '승인', '활성화'),
	(2, 'test1', 500000, 'a78b6d08ab2169fef0915d39f097a24b.jpg', '나이키', '2024-06-20', '2024-06-24', '2024-06-20', '2024-06-22', '승인', '활성화'),
	(3, 'test2', 500000, 'maxresdefault.jpg', '나이키', '2024-06-20', '2024-06-24', '2024-06-21', '2024-06-23', '승인', '비활성화'),
	(4, 'test3', 500000, 'pdJ7V1663842163.jpg', '나이키', '2024-06-20', '2024-06-24', '2024-06-25', '2024-06-28', '승인', '비활성화'),
	(5, '[휴대폰 배너] test~~~', 35000, '2402051758413354904.png', '정호상점', '2024-07-01', '2024-07-01', '2024-07-08', '2024-07-09', '승인거절', '비활성화'),
	(6, 'test4', 350000, 'file.jpg', '나이키', '2024-07-02', '2024-07-03', '2024-07-09', '2024-07-10', '승인', '활성화'),
	(7, 'test5', 350000, 'szvdg211.JPG', '나이키', '2024-07-02', '2024-07-03', '2024-07-16', '2024-07-24', '승인', '활성화'),
	(8, '그냥이미지', 50000, '스크린샷 2024-06-26 091709.png', '나이키', '2024-07-05', '2024-07-05', '2024-07-21', '2024-07-29', '승인', '활성화');

CREATE TABLE IF NOT EXISTS `board` (
  `bid` int NOT NULL AUTO_INCREMENT,
  `title` varchar(255) CHARACTER SET utf8mb3 COLLATE utf8mb3_unicode_ci NOT NULL,
  `contenttext` text CHARACTER SET utf8mb3 COLLATE utf8mb3_unicode_ci NOT NULL,
  `date` datetime NOT NULL,
  `file1` varchar(100) CHARACTER SET utf8mb3 COLLATE utf8mb3_unicode_ci DEFAULT '',
  PRIMARY KEY (`bid`) USING BTREE
) ENGINE=InnoDB AUTO_INCREMENT=15 DEFAULT CHARSET=utf8mb3 COLLATE=utf8mb3_unicode_ci;

INSERT INTO `board` (`bid`, `title`, `contenttext`, `date`, `file1`) VALUES
	(12, '[공지사항] 공지공지', '공지공지\r\n공지공지\r\n공지공지', '2024-07-05 12:21:49', '스크린샷 2024-06-26 095853.png'),
	(14, '[공지사항] 쇼핑몰 상품등록에 관하여', '약 안됨\r\n동물 안됨\r\nㅇㅋ?', '2024-07-05 13:00:26', NULL);

CREATE TABLE IF NOT EXISTS `cart` (
  `ctid` int NOT NULL AUTO_INCREMENT,
  `cart` varchar(50) CHARACTER SET utf8mb3 COLLATE utf8mb3_unicode_ci NOT NULL DEFAULT '',
  `mid` varchar(50) CHARACTER SET utf8mb3 COLLATE utf8mb3_unicode_ci DEFAULT NULL,
  `mutual` varchar(50) COLLATE utf8mb3_unicode_ci DEFAULT NULL,
  `pid` int DEFAULT NULL,
  `pname` varchar(255) CHARACTER SET utf8mb3 COLLATE utf8mb3_unicode_ci DEFAULT '',
  `price` int DEFAULT NULL,
  `point` int DEFAULT NULL,
  `qty` int DEFAULT NULL,
  `cartstatus` enum('준비','주문완료','주문취소','거래완료') CHARACTER SET utf8mb3 COLLATE utf8mb3_unicode_ci DEFAULT '준비',
  `file1` varchar(255) CHARACTER SET utf8mb3 COLLATE utf8mb3_unicode_ci DEFAULT NULL,
  `option_value1` varchar(255) CHARACTER SET utf8mb3 COLLATE utf8mb3_unicode_ci DEFAULT '',
  `option_value2` varchar(255) CHARACTER SET utf8mb3 COLLATE utf8mb3_unicode_ci DEFAULT '',
  `option_value3` varchar(255) CHARACTER SET utf8mb3 COLLATE utf8mb3_unicode_ci DEFAULT '',
  `option_value4` varchar(255) CHARACTER SET utf8mb3 COLLATE utf8mb3_unicode_ci DEFAULT '',
  `option_value5` varchar(255) CHARACTER SET utf8mb3 COLLATE utf8mb3_unicode_ci DEFAULT '',
  `cal` enum('정산전','정산요청','정산완료') COLLATE utf8mb3_unicode_ci DEFAULT '정산전',
  PRIMARY KEY (`ctid`) USING BTREE
) ENGINE=InnoDB AUTO_INCREMENT=125 DEFAULT CHARSET=utf8mb3 COLLATE=utf8mb3_unicode_ci;

INSERT INTO `cart` (`ctid`, `cart`, `mid`, `mutual`, `pid`, `pname`, `price`, `point`, `qty`, `cartstatus`, `file1`, `option_value1`, `option_value2`, `option_value3`, `option_value4`, `option_value5`, `cal`) VALUES
	(1, 'c9a01059-8fe2-4c9d-80a8-00a583659ab1', 'yjh04722@gmail.com', '정팡', 33, '지퍼 여밈 & 후드 블루 크롭 스웨트셔츠', 430200, 478, 3, '주문완료', 'GWP01225.P001414-50832.JPG', NULL, NULL, NULL, NULL, NULL, '정산전'),
	(2, '229591a2-f45c-4b40-9812-ae465be24c91', 'yjh04722@gmail.com', '미르책방', 21, '돈의속성', 16020, 890, 2, '주문완료', '9791188331796.jpg', NULL, NULL, NULL, NULL, NULL, '정산전'),
	(3, '80fe9ef9-16dd-4b67-a9a1-e1678ef01381', 'yjh04722@gmail.com', '미르책방', 22, '돈을 부르는 매너', 13500, 750, 1, '주문완료', '9791168476073.jpg', NULL, NULL, NULL, NULL, NULL, '정산전'),
	(4, 'b5cbc0f5-4ae3-4f98-aad1-88542fe5df90', 'yjh04722@gmail.com', '미르책방', 22, '돈을 부르는 매너', 13500, 750, 1, '주문완료', '9791168476073.jpg', NULL, NULL, NULL, NULL, NULL, '정산전'),
	(5, 'f3d7f82e-e6de-47b2-9eb0-7363b9f73f10', 'yjh04722@gmail.com', '정팡', 33, '지퍼 여밈 & 후드 블루 크롭 스웨트셔츠', 430200, 478, 1, '주문완료', 'GWP01225.P001414-50832.JPG', NULL, NULL, NULL, NULL, NULL, '정산전'),
	(7, 'b2117470-476b-4008-bd72-7c8c5d7fd34f', 'yjh04722@gmail.com', '정팡', 33, '지퍼 여밈 & 후드 블루 크롭 스웨트셔츠', 430200, 478, 1, '주문완료', 'GWP01225.P001414-50832.JPG', NULL, NULL, NULL, NULL, NULL, '정산전'),
	(9, '8ae19c7b-8635-4884-ab5d-4bd49a4644b3', 'yjh04722@gmail.com', '정팡', 33, '지퍼 여밈 & 후드 블루 크롭 스웨트셔츠', 430200, 478, 2, '주문완료', 'GWP01225.P001414-50832.JPG', NULL, NULL, NULL, NULL, NULL, '정산전'),
	(10, 'd27297f7-24f1-4bb4-9930-d4593da37e5a', '1111', '정팡', 34, '여성 에크루 컬러 팬츠', 669800, 788, 1, '주문완료', 'GWP01835.P001463-15103.JPG', 'N', NULL, NULL, NULL, NULL, '정산전'),
	(11, '6b81585d-3c07-4ca6-979e-ffc39f4a8f97', '1111', '정팡', 31, '파치먼트 컬러 슬리브리스 톱', 228000, 228, 1, '주문완료', 'GWP01930.P001620-15610.JPG', NULL, NULL, NULL, NULL, NULL, '정산전'),
	(12, 'e057d297-6cc0-4b45-8d6c-f62e0c22b590', '1111', '정팡', 33, '지퍼 여밈 & 후드 블루 크롭 스웨트셔츠', 430200, 478, 1, '주문완료', 'GWP01225.P001414-50832.JPG', NULL, NULL, NULL, NULL, NULL, '정산완료'),
	(13, 'b98d399a-cd68-415f-bc5a-82d019eb43d3', '1111', '구팡', 13, '휴대하기 편리한 초경량 3단 자동 양우산', 10270, 790, 1, '주문완료', '23229b63b95373d5b612541cbfa6b51f63b2660c5337aded34e08fc5464b.jpg', NULL, NULL, NULL, NULL, NULL, '정산전'),
	(14, '962a3e25-bee0-4a24-8096-cc84f512dc9c', '1111', '정팡', 31, '파치먼트 컬러 슬리브리스 톱', 228000, 228, 1, '주문완료', 'GWP01930.P001620-15610.JPG', NULL, NULL, NULL, NULL, NULL, '정산전'),
	(15, 'c2a9a0d5-8b32-4bb9-b618-be0fe208a703', 'yjh04722@gmail.com', '미르책방', 26, '당신이 몰랐던 이야기', 19800, 990, 1, '주문완료', '9791167600707.jpg', 'N', NULL, NULL, NULL, NULL, '정산전'),
	(16, 'cbd57b76-0cc7-4e85-b946-645430fe6c25', 'yjh04722@gmail.com', '정팡', 31, '파치먼트 컬러 슬리브리스 톱', 228000, 228, 3, '주문완료', 'GWP01930.P001620-15610.JPG', NULL, NULL, NULL, NULL, NULL, '정산완료'),
	(17, '728e641a-a772-477f-b5da-6c1b50e61375', '2222', '정팡', 31, '파치먼트 컬러 슬리브리스 톱', 228000, 228, 1, '주문취소', 'GWP01930.P001620-15610.JPG', NULL, NULL, NULL, NULL, NULL, '정산전'),
	(18, '751ca1bc-3a27-471d-9ba9-1efa014c408c', '2222', '정팡', 34, '여성 에크루 컬러 팬츠', 669800, 788, 1, '주문완료', 'GWP01835.P001463-15103.JPG', NULL, NULL, NULL, NULL, NULL, '정산전'),
	(21, '751ca1bc-3a27-471d-9ba9-1efa014c408c', '2222', '정팡', 29, '디스트레스드 마감의 베이비 블루 오버사이즈 스웨트셔츠', 218900, 398, 1, '주문완료', 'GUP01938.P001631-50877.JPG', NULL, NULL, NULL, NULL, NULL, '정산전'),
	(22, '751ca1bc-3a27-471d-9ba9-1efa014c408c', '2222', '정팡', 27, '로고 백 다크 블루 코튼 가디건', 384000, 384, 1, '주문취소', 'GKP01400.P001082-50501.JPG', NULL, NULL, NULL, NULL, NULL, '정산전'),
	(23, 'e3ea07ba-c1d8-44b6-b9ef-933fb7dc2995', '2222', '미르책방', 25, '만일 나에게 단 한 번의 아침이 남아 있다면', 19800, 990, 1, '주문완료', '9791193937112.jpg', NULL, NULL, NULL, NULL, NULL, '정산전'),
	(24, 'e3ea07ba-c1d8-44b6-b9ef-933fb7dc2995', '2222', '미르책방', 26, '당신이 몰랐던 이야기', 19800, 990, 1, '주문완료', '9791167600707.jpg', NULL, NULL, NULL, NULL, NULL, '정산전'),
	(25, 'e3ea07ba-c1d8-44b6-b9ef-933fb7dc2995', '2222', '정팡', 32, '여성 블루 코튼 플리츠 팬츠', 588000, 588, 1, '주문취소', 'GWP01203.P001484-50100.JPG', NULL, NULL, NULL, NULL, NULL, '정산전'),
	(26, '0d89b8a3-3eea-4de6-8e6f-6450550d8520', 'yjh04722@gmail.com', '정팡', 33, '지퍼 여밈 & 후드 블루 크롭 스웨트셔츠', 430200, 478, 1, '주문완료', 'GWP01225.P001414-50832.JPG', 'N', NULL, NULL, NULL, NULL, '정산요청'),
	(27, '0d89b8a3-3eea-4de6-8e6f-6450550d8520', 'yjh04722@gmail.com', '정팡', 34, '여성 에크루 컬러 팬츠', 669800, 788, 1, '주문완료', 'GWP01835.P001463-15103.JPG', 'N', NULL, NULL, NULL, NULL, '정산요청'),
	(31, 'a8ae25ce-475f-4733-a79a-a88f0071222e', '2222', '정팡', 33, '지퍼 여밈 & 후드 블루 크롭 스웨트셔츠', 430200, 478, 1, '주문완료', 'GWP01225.P001414-50832.JPG', NULL, NULL, NULL, NULL, NULL, '정산요청'),
	(32, 'b85ba2d5-1d6a-4e83-9758-7e9c35bf0478', '2222', '정팡', 33, '지퍼 여밈 & 후드 블루 크롭 스웨트셔츠', 430200, 478, 1, '준비', 'GWP01225.P001414-50832.JPG', NULL, NULL, NULL, NULL, NULL, '정산전'),
	(33, 'c44149ef-093b-48e8-8a65-0b33108d2f54', 'yjh04722@gmail.com', '나이키', 4, '나이키 팬텀 GX 2 아카데미', 98100, 109, 1, '주문완료', 'asdasdas.png', 'N', NULL, NULL, NULL, NULL, '정산요청'),
	(34, 'c44149ef-093b-48e8-8a65-0b33108d2f54', 'yjh04722@gmail.com', '나이키', 3, '나이키 팬텀 GX 2 프로', 159000, 159, 1, '주문완료', 'hfghfgh.jpg', NULL, NULL, NULL, NULL, NULL, '정산요청'),
	(109, '179ff2f1-a30b-43cf-a8dc-1652642c19d4', '2222', '정팡', 31, '파치먼트 컬러 슬리브리스 톱', 228000, 228, 1, '주문완료', 'GWP01930.P001620-15610.JPG', NULL, NULL, NULL, NULL, NULL, '정산전'),
	(110, '43332841-f3dc-4625-aa3a-9cacb8b0e6ac', '2222', '정팡', 33, '지퍼 여밈 & 후드 블루 크롭 스웨트셔츠', 430200, 478, 1, '주문완료', 'GWP01225.P001414-50832.JPG', NULL, NULL, NULL, NULL, NULL, '정산전'),
	(111, '1eda7b66-8de5-4a40-a6c0-180470b108e9', '2222', '정팡', 29, '디스트레스드 마감의 베이비 블루 오버사이즈 스웨트셔츠', 218900, 398, 1, '주문완료', 'GUP01938.P001631-50877.JPG', NULL, NULL, NULL, NULL, NULL, '정산전'),
	(112, '0f30d0a6-ce04-4d32-b6af-5e8a36e7d4f7', '2222', '정팡', 30, '화이트 코튼 포플린 버뮤다 쇼츠', 548000, 548, 1, '주문완료', 'GMP01057.P001604-10359.JPG', NULL, NULL, NULL, NULL, NULL, '정산전'),
	(113, '9cd3ff82-6709-4d60-9189-4c5fdf3999a4', '2222', '미르책방', 26, '당신이 몰랐던 이야기', 19800, 990, 1, '주문완료', '9791167600707.jpg', NULL, NULL, NULL, NULL, NULL, '정산전'),
	(114, '01a4693a-73c3-4c07-8e13-07fe67be6cc8', '2222', '정팡', 33, '지퍼 여밈 & 후드 블루 크롭 스웨트셔츠', 430200, 478, 1, '주문완료', 'GWP01225.P001414-50832.JPG', NULL, NULL, NULL, NULL, NULL, '정산전'),
	(115, '07fc8019-5888-4b34-8523-ffb2ffcc250d', '2222', '정팡', 31, '파치먼트 컬러 슬리브리스 톱', 228000, 228, 1, '주문완료', 'GWP01930.P001620-15610.JPG', NULL, NULL, NULL, NULL, NULL, '정산전'),
	(119, 'fbc08953-bf80-4244-ac02-0f90ac99a88f', 'yjh04722@gmail.com', '정팡', 34, '여성 에크루 컬러 팬츠', 669800, 788, 1, '주문완료', 'GWP01835.P001463-15103.JPG', NULL, NULL, NULL, NULL, NULL, '정산전'),
	(120, 'fbc08953-bf80-4244-ac02-0f90ac99a88f', 'yjh04722@gmail.com', '정팡', 33, '지퍼 여밈 & 후드 블루 크롭 스웨트셔츠', 430200, 478, 1, '주문완료', 'GWP01225.P001414-50832.JPG', NULL, NULL, NULL, NULL, NULL, '정산전'),
	(121, 'fbc08953-bf80-4244-ac02-0f90ac99a88f', 'yjh04722@gmail.com', '정팡', 32, '여성 블루 코튼 플리츠 팬츠', 588000, 588, 1, '주문완료', 'GWP01203.P001484-50100.JPG', NULL, NULL, NULL, NULL, NULL, '정산전'),
	(122, 'fbc08953-bf80-4244-ac02-0f90ac99a88f', 'yjh04722@gmail.com', '정팡', 31, '파치먼트 컬러 슬리브리스 톱', 228000, 228, 1, '주문완료', 'GWP01930.P001620-15610.JPG', NULL, NULL, NULL, NULL, NULL, '정산전'),
	(123, 'fbc08953-bf80-4244-ac02-0f90ac99a88f', 'yjh04722@gmail.com', '정팡', 32, '여성 블루 코튼 플리츠 팬츠', 588000, 588, 1, '주문완료', 'GWP01203.P001484-50100.JPG', 'N', NULL, NULL, NULL, NULL, '정산전'),
	(124, '0c718db4-48bd-43ec-8e16-d9a60ed1a06c', 'yjh04722@gmail.com', '나이키', 1, '에어조던 1 로우', 380000, 380, 80, '주문완료', 'sssdo1.jpg', NULL, NULL, NULL, NULL, NULL, '정산요청');

CREATE TABLE IF NOT EXISTS `category` (
  `cid` varchar(10) COLLATE utf8mb3_unicode_ci NOT NULL,
  `cname` varchar(255) COLLATE utf8mb3_unicode_ci NOT NULL,
  `cuse` enum('Y','N') COLLATE utf8mb3_unicode_ci DEFAULT 'Y',
  PRIMARY KEY (`cid`)
) ENGINE=InnoDB DEFAULT CHARSET=utf8mb3 COLLATE=utf8mb3_unicode_ci;

INSERT INTO `category` (`cid`, `cname`, `cuse`) VALUES
	('10', '전자제품', 'Y'),
	('1010', '모바일/태블릿', 'Y'),
	('1020', '가전제품', 'Y'),
	('1030', '노트북/PC', 'Y'),
	('1040', '카메라/캠코더', 'Y'),
	('20', '패션의류', 'Y'),
	('2010', '남성의류', 'Y'),
	('2020', '여성의류', 'Y'),
	('30', '패션잡화', 'Y'),
	('3010', '운동화', 'Y'),
	('3020', '가방/핸드백', 'Y'),
	('3030', '지갑/벨트', 'Y'),
	('3040', '시계', 'Y'),
	('40', '스포츠', 'Y'),
	('4010', '헬스/요가', 'Y'),
	('4020', '축구', 'Y'),
	('4030', '골프', 'Y'),
	('4040', '야구', 'Y'),
	('50', '리빙/생활', 'Y'),
	('5010', '주방용품', 'Y'),
	('5020', '차량용품', 'Y'),
	('5030', '청소/세탁용품', 'Y'),
	('5040', '기타 생활용품', 'Y'),
	('60', '출산/유아동/반려 동물', 'Y'),
	('6010', '출산/육아용품', 'Y'),
	('6020', '유아동 의류', 'Y'),
	('6030', '반려동물용품', 'Y'),
	('70', '도서/음반/문구', 'Y'),
	('7010', '학습/교육/취미', 'Y'),
	('7020', '여행/취미/레저/잡지', 'Y'),
	('7030', '문학/과학/경영', 'Y'),
	('7040', '기타 도서', 'Y');

CREATE TABLE IF NOT EXISTS `comments` (
  `cmid` int NOT NULL AUTO_INCREMENT,
  `pid` int DEFAULT NULL,
  `comment_text` varchar(255) COLLATE utf8mb3_unicode_ci NOT NULL DEFAULT '',
  `writer` varchar(50) COLLATE utf8mb3_unicode_ci NOT NULL DEFAULT '',
  `writedate` date DEFAULT NULL,
  PRIMARY KEY (`cmid`)
) ENGINE=InnoDB AUTO_INCREMENT=17 DEFAULT CHARSET=utf8mb3 COLLATE=utf8mb3_unicode_ci;

INSERT INTO `comments` (`cmid`, `pid`, `comment_text`, `writer`, `writedate`) VALUES
	(2, 13, '수정함만 해보자\n', '테스트유저', '2024-06-26'),
	(7, 6, '좋다좋아\n', '테스트유저', '2024-06-26'),
	(8, 6, '진짜 좋아요', '테스트유저', '2024-06-26'),
	(10, 13, '리뷰 작성 완료된건가?', '테스트유저', '2024-06-26'),
	(11, 13, '작성안하면 안써지지?', '테스트유저', '2024-06-26'),
	(12, 13, '좋네요', '관리자', '2024-06-27'),
	(13, 12, '좋아요', '관리자', '2024-06-27'),
	(14, 13, '성장형 괴물', '양정호', '2024-06-27'),
	(15, 26, '재밌어요!', '양정호', '2024-06-28'),
	(16, 34, '안녕하세요', '양정호', '2024-07-01');

CREATE TABLE IF NOT EXISTS `coupon` (
  `couponid` int NOT NULL AUTO_INCREMENT,
  `code` varchar(255) CHARACTER SET utf8mb3 COLLATE utf8mb3_unicode_ci DEFAULT NULL,
  `description` varchar(255) CHARACTER SET utf8mb3 COLLATE utf8mb3_unicode_ci DEFAULT NULL,
  `discount` double DEFAULT NULL,
  `expirydate` datetime DEFAULT NULL,
  `minpurchase` int DEFAULT NULL,
  `memail` varchar(255) CHARACTER SET utf8mb3 COLLATE utf8mb3_unicode_ci DEFAULT NULL,
  `used` enum('Y','N') COLLATE utf8mb3_unicode_ci DEFAULT NULL,
  PRIMARY KEY (`couponid`)
) ENGINE=InnoDB AUTO_INCREMENT=21 DEFAULT CHARSET=utf8mb3 COLLATE=utf8mb3_unicode_ci;

INSERT INTO `coupon` (`couponid`, `code`, `description`, `discount`, `expirydate`, `minpurchase`, `memail`, `used`) VALUES
	(3, 'f12b4d6aa68e4d1b9b40381f292e46e2', '[신규회원 할인] 조건 없이 10%할인', 0.1, '2024-07-31 00:00:00', 0, 'yjh04722@gmail.com', 'Y'),
	(4, '8c59c8189ee54b1292c79282934fb70e', '[여름할인 이벤트] 30,000이상 구매시 5%할인', 0.05, '2024-08-31 00:00:00', 30000, 'yjh04722@gmail.com', 'Y'),
	(5, '3e086099013e4c3c8f22ac7e790a8bf1', '[여름할인 이벤트] 100,000이상 구매시 10%할인', 0.1, '2024-08-31 00:00:00', 100000, 'yjh04722@gmail.com', 'Y'),
	(6, 'd798bd854b404262bbbcf89c2dc31115', '[여름할인 이벤트] 30,000이상 구매시 5%할인', 0.05, '2024-08-31 00:00:00', 30000, 'admin', 'N'),
	(7, '8dac38b6a4c94f0884541ba938819825', '[오픈 이벤트] 조건 없이 3000원 할인 쿠폰', 3000, '2024-07-31 00:00:00', 0, 'admin', 'N'),
	(8, '8ae4f68a15334fd488953d5b52c62b66', '[신규회원 할인] 조건 없이 10%할인', 0.1, '2024-07-31 00:00:00', 0, 'admin', 'N'),
	(9, '84c1b7d9546d4f7ea5b2cf814799664f', '[여름할인 이벤트] 100,000이상 구매시 10%할인', 0.1, '2024-08-31 00:00:00', 100000, 'admin', 'N'),
	(10, '62652a09991d4e3f8177541c4d8bb65c', '[오픈 이벤트] 조건 없이 3000원 할인 쿠폰', 3000, '2024-07-31 00:00:00', 0, '1111', 'Y'),
	(11, 'd6d4330f018947d8add7a00cc75969d4', '[신규회원 할인] 조건 없이 10%할인', 0.1, '2024-07-31 00:00:00', 0, '1111', 'Y'),
	(13, 'd8edfca1e7f24f678312feb56a46bc33', '[여름할인 이벤트] 30,000이상 구매시 5%할인', 0.05, '2024-08-31 00:00:00', 30000, '1111', 'Y'),
	(14, 'c964d3ccb58a4b2f82716e5f6a07bdd3', '[여름할인 이벤트] 100,000이상 구매시 10%할인', 0.1, '2024-08-31 00:00:00', 100000, '1111', 'Y'),
	(17, '19fdf00f5dea4fc5956cf800bc31b4e4', '[오픈 이벤트] 조건 없이 3000원 할인 쿠폰', 3000, '2024-07-31 00:00:00', 0, '2222', 'N'),
	(18, '4a7fb7fd4c89431a9dfc4adc2c9829ef', '[오픈 이벤트] 조건 없이 3000원 할인 쿠폰', 3000, '2024-07-31 00:00:00', 0, 'yjh04722@gmail.com', 'Y'),
	(19, '9365a91d058c4f5981d7ef42872c52bb', '[테스트용 쿠폰]조건없이 10만원', 0.1, '2024-07-09 00:00:00', 0, 'admin', 'N'),
	(20, '88f2af593c0745c797f891ad3085f463', '[테스트용 쿠폰]조건없이 10만원', 0.1, '2024-07-09 00:00:00', 0, 'yjh04722@gmail.com', 'Y');

CREATE TABLE IF NOT EXISTS `coupontemp` (
  `couponid` int NOT NULL AUTO_INCREMENT,
  `description` varchar(255) CHARACTER SET utf8mb3 COLLATE utf8mb3_unicode_ci DEFAULT NULL,
  `discount` double DEFAULT NULL,
  `expirydate` datetime DEFAULT NULL,
  `minpurchase` int DEFAULT NULL,
  PRIMARY KEY (`couponid`) USING BTREE
) ENGINE=InnoDB AUTO_INCREMENT=8 DEFAULT CHARSET=utf8mb3 COLLATE=utf8mb3_unicode_ci;

INSERT INTO `coupontemp` (`couponid`, `description`, `discount`, `expirydate`, `minpurchase`) VALUES
	(1, '[여름할인 이벤트] 100,000이상 구매시 10%할인', 0.1, '2024-08-31 00:00:00', 100000),
	(2, '[여름할인 이벤트] 30,000이상 구매시 5%할인', 0.05, '2024-08-31 00:00:00', 30000),
	(3, '[신규회원 할인] 조건 없이 10%할인', 0.1, '2024-07-31 00:00:00', 0),
	(4, '[오픈 이벤트] 조건 없이 3000원 할인 쿠폰', 3000, '2024-07-31 00:00:00', 0),
	(5, '[테스트용 쿠폰]조건없이 10만원', 0.1, '2024-07-09 00:00:00', 0),
	(6, '[신규회원 할인] 조건 없이 20%할인', 0.2, '2024-07-30 00:00:00', 0),
	(7, '[신규회원 할인] 30000원 할인', 30000, '2024-07-30 00:00:00', 0);

CREATE TABLE IF NOT EXISTS `deposit` (
  `did` int NOT NULL AUTO_INCREMENT,
  `odid` varchar(40) CHARACTER SET utf8mb3 COLLATE utf8mb3_unicode_ci DEFAULT NULL,
  `allpoint` int DEFAULT NULL,
  PRIMARY KEY (`did`)
) ENGINE=InnoDB AUTO_INCREMENT=27 DEFAULT CHARSET=utf8mb3 COLLATE=utf8mb3_unicode_ci;

INSERT INTO `deposit` (`did`, `odid`, `allpoint`) VALUES
	(5, 'e45c81b2', 1578),
	(6, 'd9847be3', 228),
	(7, '00253437', 750),
	(8, '273cfe2a', 750),
	(9, 'b8861079', 478),
	(10, '90cee4d0', 478),
	(11, '747408ed', 478),
	(12, 'd69b817a', 588),
	(13, '8b3b647a', 956),
	(14, 'b31ce81b', 228),
	(15, '3a06d2ba', 990),
	(16, '9fd6a36d', 228),
	(17, '51524c53', 1570),
	(18, 'b2fbd562', 2568),
	(19, '527cb7f0', 1854),
	(20, 'a64c47f7', 478),
	(21, 'f0d5f832', 268),
	(22, '4f5571ee', 228),
	(23, 'a253ff65', 478),
	(24, '3dc13c55', 398),
	(25, '0cbc2966', 2670),
	(26, '68fd8700', 30400);

CREATE TABLE IF NOT EXISTS `member` (
  `mid` int NOT NULL AUTO_INCREMENT,
  `memail` varchar(50) COLLATE utf8mb3_unicode_ci DEFAULT NULL,
  `mname` varchar(50) COLLATE utf8mb3_unicode_ci DEFAULT NULL,
  `identification` enum('Y','N') COLLATE utf8mb3_unicode_ci NOT NULL DEFAULT 'N',
  `mage` date DEFAULT NULL,
  `mgender` enum('남자','여자') COLLATE utf8mb3_unicode_ci NOT NULL DEFAULT '남자',
  `mpassword` varchar(100) COLLATE utf8mb3_unicode_ci DEFAULT NULL,
  `mphone` varchar(50) COLLATE utf8mb3_unicode_ci DEFAULT NULL,
  `zipcode` varchar(50) COLLATE utf8mb3_unicode_ci DEFAULT NULL,
  `address` varchar(255) COLLATE utf8mb3_unicode_ci DEFAULT NULL,
  `addressdetail` varchar(255) COLLATE utf8mb3_unicode_ci DEFAULT NULL,
  `joindate` date DEFAULT NULL,
  `mlevel` varchar(50) COLLATE utf8mb3_unicode_ci NOT NULL DEFAULT '1',
  `memberstatus` enum('정상','정지','탈퇴') COLLATE utf8mb3_unicode_ci NOT NULL DEFAULT '정상',
  `loginstatus` enum('일반','소셜','가맹점회원') COLLATE utf8mb3_unicode_ci NOT NULL DEFAULT '일반',
  `mpoint` int NOT NULL DEFAULT '0',
  `label` varchar(255) COLLATE utf8mb3_unicode_ci DEFAULT '',
  PRIMARY KEY (`mid`) USING BTREE
) ENGINE=InnoDB AUTO_INCREMENT=63 DEFAULT CHARSET=utf8mb3 COLLATE=utf8mb3_unicode_ci;

INSERT INTO `member` (`mid`, `memail`, `mname`, `identification`, `mage`, `mgender`, `mpassword`, `mphone`, `zipcode`, `address`, `addressdetail`, `joindate`, `mlevel`, `memberstatus`, `loginstatus`, `mpoint`, `label`) VALUES
	(1, 'admin', '관리자', 'Y', '2024-05-30', '남자', '12345', '01012341234', '12345', '12345', '12345', '2024-05-30', '10', '정상', '일반', 1000000, ''),
	(2, '1111', '권규만', 'Y', '2024-06-03', '남자', '1111', '01024621461', '46549', '부산 북구 의성로47번길 42', '2층', '2024-06-03', '1', '정상', '일반', 90024, ''),
	(6, 'yjh04722@gmail.com', '양정호', 'Y', '1997-07-15', '남자', '@Yang19970', '01065487015', '48024', '재반로241번길 8-62', '4층', '2024-06-05', '1', '정상', '일반', 134286, ''),
	(8, 'test01@naver.com', '테스트유저', 'Y', '2024-06-07', '여자', '12345', '01055554444', '34672', '대전 동구 판교1길 3', '어딘가', '2024-07-05', '1', '탈퇴', '일반', 0, ''),
	(10, '2222', '우승준', 'Y', '1996-06-07', '남자', '2222', '01044441234', '48557', '부산 남구 무민사로 5', '2층', '2024-06-07', '1', '정상', '일반', 9168, ''),
	(11, 'test03@naver.com', '테스트유저', 'Y', '2024-06-07', '남자', '12345', '01012341234', '04766', '서울 성동구 서울숲길 17', '4층', '2024-07-05', '1', '탈퇴', '일반', 0, ''),
	(12, 'test04@gmail.com', '일반유저', 'Y', '2024-06-07', '남자', '12345', '01044445555', '48557', '부산 남구 무민사로 5', '어딘가', '2024-07-05', '1', '탈퇴', '일반', 0, ''),
	(13, 'test05@korea.net', '일반유저2', 'Y', '2024-06-07', '남자', '12345', '01077777777', '35389', '대전 서구 가수원동 809', '어딘가', '2024-06-07', '1', '탈퇴', '일반', 0, ''),
	(14, 'test06@naver.com', '테스트유저', 'Y', '2024-06-07', '남자', '12345', '01088888887', '46084', '부산 기장군 기장읍 시랑리 628-2', '어딘가', '2024-07-05', '1', '탈퇴', '일반', 0, ''),
	(15, 'test07@naver.com', '정지유저', 'Y', '2024-06-07', '남자', '12345', '01065487015', '48024', '재반로241번길 8-62', '어딘가', '2024-06-07', '1', '정지', '일반', 0, ''),
	(16, 'admin2@naver.com', '부관리자', 'Y', '2024-06-07', '여자', 'A12345', '01065487015', '48024', '재반로241번길 8-62', '4층', '2024-07-05', '10', '탈퇴', '일반', 0, ''),
	(17, 'test08@naver.com', '양찬율', 'Y', '2024-05-31', '남자', '@Singsong1234', '01077777777', '47288', '부산 부산진구 서면로 1', '701호', '2024-06-07', '1', '정상', '일반', 0, ''),
	(19, 'admin@naver.com', '테스트관리자', 'Y', '2024-06-07', '여자', '@Aa123456', '01065487015', '48024', '재반로241번길 8-62', '우리집', '2024-06-07', '10', '정상', '일반', 0, ''),
	(20, 'yjh04722@naver.com', '양정호', 'Y', '2024-06-10', '남자', '@Yang199701', '01065487015', '48024', '재반로241번길 8-62', '4층', '2024-06-10', '10', '정상', '일반', 0, ''),
	(58, 'nike_worker@naver.com', '나이키직원1', 'Y', '2024-06-21', '남자', '@Singsong123', '02-123-1223', '02830', '서울 성북구 아리랑로 3', '1층', '2024-06-21', '4', '정상', '일반', 0, '나이키'),
	(59, 'nike_worker2@naver.com', '나이키직원2', 'Y', '2024-06-21', '여자', '@Singsong123', '02-123-1223', '02830', '서울 성북구 아리랑로 3', '1층', '2024-06-21', '4', '정상', '일반', 0, '나이키'),
	(60, 'jeong1@naver.com', '정팡직원1', 'Y', '2024-07-02', '남자', '12345', '01065487015', '48024', '재반로241번길 8-62', '4층', '2024-07-02', '4', '정상', '일반', 0, '정팡'),
	(61, 'nike_worker3@naver.com', '나이키직원3', 'Y', '2024-07-02', '남자', '@Singsong123', '01065487015', '48024', '재반로241번길 8-62', '4층', '2024-07-02', '4', '정상', '일반', 0, '나이키'),
	(62, 'test10@naver.com', '테스트유저', 'Y', '2024-07-05', '남자', '@Aa12345', '01065487015', '48024', '재반로241번길 8-62', '4층', '2024-07-05', '1', '정상', '일반', 0, '');

CREATE TABLE IF NOT EXISTS `ordertran` (
  `tranid` int NOT NULL AUTO_INCREMENT,
  `odid` varchar(40) COLLATE utf8mb3_unicode_ci DEFAULT NULL,
  `buyer` varchar(50) COLLATE utf8mb3_unicode_ci DEFAULT NULL,
  `dealdate` datetime DEFAULT NULL,
  `trandate` datetime DEFAULT NULL,
  `payprice` int DEFAULT NULL,
  `transtatus` enum('입금대기','주문완료','주문취소','거래완료') CHARACTER SET utf8mb3 COLLATE utf8mb3_unicode_ci DEFAULT '주문완료',
  `paymethod` enum('카카오페이','토스페이','무통장거래') CHARACTER SET utf8mb3 COLLATE utf8mb3_unicode_ci DEFAULT NULL,
  `zipcode` varchar(50) CHARACTER SET utf8mb3 COLLATE utf8mb3_unicode_ci DEFAULT NULL,
  `address` varchar(255) CHARACTER SET utf8mb3 COLLATE utf8mb3_unicode_ci DEFAULT NULL,
  `addressdetail` varchar(255) CHARACTER SET utf8mb3 COLLATE utf8mb3_unicode_ci DEFAULT NULL,
  `cart` varchar(50) CHARACTER SET utf8mb3 COLLATE utf8mb3_unicode_ci NOT NULL DEFAULT '',
  PRIMARY KEY (`tranid`)
) ENGINE=InnoDB AUTO_INCREMENT=32 DEFAULT CHARSET=utf8mb3 COLLATE=utf8mb3_unicode_ci;

INSERT INTO `ordertran` (`tranid`, `odid`, `buyer`, `dealdate`, `trandate`, `payprice`, `transtatus`, `paymethod`, `zipcode`, `address`, `addressdetail`, `cart`) VALUES
	(12, '2eab0972', '권규만', '2024-07-03 14:14:46', '2024-07-02 12:01:04', 433200, '주문완료', '카카오페이', '46549', '부산 북구 의성로47번길 42', '2층', 'e057d297-6cc0-4b45-8d6c-f62e0c22b590'),
	(13, '27a2a78f', '권규만', '2024-07-02 12:01:45', '2024-07-02 12:01:45', 13270, '주문완료', '토스페이', '46549', '부산 북구 의성로47번길 42', '2층', 'b98d399a-cd68-415f-bc5a-82d019eb43d3'),
	(14, 'b31ce81b', '권규만', '2024-07-02 12:02:05', '2024-07-02 12:02:05', 231000, '입금대기', '무통장거래', '46549', '부산 북구 의성로47번길 42', '2층', '962a3e25-bee0-4a24-8096-cc84f512dc9c'),
	(15, '3a06d2ba', '양정호', '2024-07-02 12:08:11', '2024-07-02 12:40:40', 22800, '주문완료', '무통장거래', '48024', '재반로241번길 8-62', '4층', 'c2a9a0d5-8b32-4bb9-b618-be0fe208a703'),
	(16, 'f9172734', '양정호', '2024-07-05 11:45:25', '2024-07-02 12:09:55', 687000, '주문완료', '카카오페이', '48024', '재반로241번길 8-62', '4층', 'cbd57b76-0cc7-4e85-b946-645430fe6c25'),
	(17, '9fd6a36d', '테스트유저', '2024-07-02 12:20:56', '2024-07-02 12:20:56', 231000, '주문취소', '무통장거래', '38882', '경북 영천시 금호읍 대구대길 7', '111', '728e641a-a772-477f-b5da-6c1b50e61375'),
	(18, '51524c53', '테스트유저', '2024-07-02 14:22:40', '2024-07-02 14:22:40', 1275700, '주문취소', '무통장거래', '38882', '경북 영천시 금호읍 대구대길 7', '111', '751ca1bc-3a27-471d-9ba9-1efa014c408c'),
	(19, 'b2fbd562', '테스트유저', '2024-07-02 15:32:41', '2024-07-05 11:45:58', 630600, '주문완료', '무통장거래', '38882', '경북 영천시 금호읍 대구대길 7', '111', 'e3ea07ba-c1d8-44b6-b9ef-933fb7dc2995'),
	(20, '527cb7f0', '양정호', '2024-07-03 08:37:53', '2024-07-03 12:20:06', 1691000, '주문완료', '무통장거래', '48024', '재반로241번길 8-62', '4층', '0d89b8a3-3eea-4de6-8e6f-6450550d8520'),
	(21, 'a64c47f7', '테스트유저', '2024-07-03 12:34:36', '2024-07-03 13:03:40', 433200, '주문완료', '무통장거래', '38882', '경북 영천시 금호읍 대구대길 7', '111', 'a8ae25ce-475f-4733-a79a-a88f0071222e'),
	(22, 'f0d5f832', '양정호', '2024-07-03 13:02:53', '2024-07-03 13:03:36', 249276, '주문완료', '무통장거래', '48024', '재반로241번길 8-62', '4층', 'c44149ef-093b-48e8-8a65-0b33108d2f54'),
	(23, '4f5571ee', '우승준', '2024-07-04 10:47:17', '2024-07-05 11:46:02', 231000, '주문완료', '무통장거래', '38882', '경북 영천시 금호읍 대구대길 7', '111', '179ff2f1-a30b-43cf-a8dc-1652642c19d4'),
	(24, 'a253ff65', '우승준', '2024-07-04 10:51:08', '2024-07-04 10:51:08', 433200, '입금대기', '무통장거래', '38882', '경북 영천시 금호읍 대구대길 7', '111', '43332841-f3dc-4625-aa3a-9cacb8b0e6ac'),
	(25, '3dc13c55', '우승준', '2024-07-04 10:52:42', '2024-07-04 10:52:42', 221900, '입금대기', '무통장거래', '38882', '경북 영천시 금호읍 대구대길 7', '111', '1eda7b66-8de5-4a40-a6c0-180470b108e9'),
	(26, 'dfa42f0b', '우승준', '2024-07-04 10:53:25', '2024-07-04 10:53:25', 551000, '주문완료', '카카오페이', '38882', '경북 영천시 금호읍 대구대길 7', '111', '0f30d0a6-ce04-4d32-b6af-5e8a36e7d4f7'),
	(27, '732ca507', '우승준', '2024-07-04 10:54:49', '2024-07-04 10:54:49', 22800, '주문완료', '카카오페이', '38882', '경북 영천시 금호읍 대구대길 7', '111', '9cd3ff82-6709-4d60-9189-4c5fdf3999a4'),
	(28, 'd898a590', '우승준', '2024-07-04 10:57:25', '2024-07-04 10:57:25', 433200, '주문완료', '카카오페이', '38882', '경북 영천시 금호읍 대구대길 7', '111', '01a4693a-73c3-4c07-8e13-07fe67be6cc8'),
	(29, 'd38f7441', '우승준', '2024-07-04 10:58:37', '2024-07-04 10:58:37', 231000, '주문완료', '토스페이', '38882', '경북 영천시 금호읍 대구대길 7', '111', '07fc8019-5888-4b34-8523-ffb2ffcc250d'),
	(30, '0cbc2966', '양정호', '2024-07-04 16:20:34', '2024-07-05 10:57:14', 2507000, '주문완료', '무통장거래', '48024', '재반로241번길 8-62', '4층', 'fbc08953-bf80-4244-ac02-0f90ac99a88f'),
	(31, '68fd8700', '양정호', '2024-07-05 10:56:21', '2024-07-05 10:57:04', 27363000, '주문완료', '무통장거래', '48024', '재반로241번길 8-62', '4층', '0c718db4-48bd-43ec-8e16-d9a60ed1a06c');

CREATE TABLE IF NOT EXISTS `product` (
  `pid` int NOT NULL AUTO_INCREMENT,
  `maincate` varchar(2) COLLATE utf8mb3_unicode_ci DEFAULT '',
  `middlecate` varchar(4) COLLATE utf8mb3_unicode_ci DEFAULT '',
  `mutual` varchar(255) COLLATE utf8mb3_unicode_ci DEFAULT NULL,
  `pname` varchar(255) COLLATE utf8mb3_unicode_ci DEFAULT '',
  `price` int DEFAULT '0',
  `point` int DEFAULT '0',
  `qty` int DEFAULT '0',
  `description` text COLLATE utf8mb3_unicode_ci,
  `product_option` enum('Y','N') COLLATE utf8mb3_unicode_ci DEFAULT 'N',
  `option_value1` varchar(255) COLLATE utf8mb3_unicode_ci DEFAULT '',
  `option_value2` varchar(255) COLLATE utf8mb3_unicode_ci DEFAULT '',
  `option_value3` varchar(255) COLLATE utf8mb3_unicode_ci DEFAULT '',
  `option_value4` varchar(255) COLLATE utf8mb3_unicode_ci DEFAULT '',
  `option_value5` varchar(255) COLLATE utf8mb3_unicode_ci DEFAULT '',
  `productuse` enum('Y','N') COLLATE utf8mb3_unicode_ci DEFAULT 'Y',
  `hit` enum('Y','N') COLLATE utf8mb3_unicode_ci DEFAULT 'N',
  `suggest` enum('Y','N') COLLATE utf8mb3_unicode_ci DEFAULT 'N',
  `newproduct` enum('Y','N') COLLATE utf8mb3_unicode_ci DEFAULT 'N',
  `popular` enum('Y','N') COLLATE utf8mb3_unicode_ci DEFAULT 'N',
  `salecheck` enum('Y','N') COLLATE utf8mb3_unicode_ci DEFAULT 'N',
  `saleprice` int DEFAULT '0',
  `file1` varchar(100) COLLATE utf8mb3_unicode_ci DEFAULT '',
  `file2` varchar(100) COLLATE utf8mb3_unicode_ci DEFAULT '',
  `file3` varchar(100) COLLATE utf8mb3_unicode_ci DEFAULT '',
  `file4` varchar(100) COLLATE utf8mb3_unicode_ci DEFAULT '',
  `file5` varchar(100) COLLATE utf8mb3_unicode_ci DEFAULT '',
  `listingdate` datetime DEFAULT NULL,
  `readcount` int DEFAULT NULL,
  PRIMARY KEY (`pid`)
) ENGINE=InnoDB AUTO_INCREMENT=37 DEFAULT CHARSET=utf8mb3 COLLATE=utf8mb3_unicode_ci;

INSERT INTO `product` (`pid`, `maincate`, `middlecate`, `mutual`, `pname`, `price`, `point`, `qty`, `description`, `product_option`, `option_value1`, `option_value2`, `option_value3`, `option_value4`, `option_value5`, `productuse`, `hit`, `suggest`, `newproduct`, `popular`, `salecheck`, `saleprice`, `file1`, `file2`, `file3`, `file4`, `file5`, `listingdate`, `readcount`) VALUES
	(1, '30', '3010', '나이키', '에어조던 1 로우', 380000, 380, 17, '최고의 신발! \r\n나이키 조던을 구매하세요!\r\n', 'N', NULL, NULL, NULL, NULL, NULL, 'Y', 'Y', 'N', 'N', 'Y', 'N', 0, 'sssdo1.jpg', 'sssdo2.png', 'sssdo3.jpg', 'sssdo14.png', NULL, '2024-06-13 12:26:03', 31),
	(2, '30', '3010', '나이키', '나이키 덩크 로우', 139000, 180, 45, '최고에요!', 'N', NULL, NULL, NULL, NULL, NULL, 'Y', 'N', 'N', 'N', 'N', 'Y', 118150, 'adsadasd.png', 'afsaffef3e.png', 'cdeegf.png', 'fefefe.png', 'sssssa.png', '2024-06-13 12:39:08', 22),
	(3, '40', '4020', '나이키', '나이키 팬텀 GX 2 프로', 159000, 159, 79, '최고에요!', 'N', NULL, NULL, NULL, NULL, NULL, 'Y', 'Y', 'N', 'N', 'N', 'N', 0, 'hfghfgh.jpg', 'hgfhfgh.png', NULL, NULL, NULL, '2024-06-13 12:44:01', 81),
	(4, '40', '4020', '나이키', '나이키 팬텀 GX 2 아카데미', 109000, 109, 99, '최고에요!', 'N', NULL, NULL, NULL, NULL, NULL, 'Y', 'N', 'N', 'N', 'N', 'Y', 98100, 'asdasdas.png', 'asdsa.png', 'fwfw.png', 'xsxs.png', 'zcxczxc.png', '2024-06-13 13:53:52', 103),
	(6, '40', '4040', '구팡', '미즈노 프로 경식 BSS HAGA 하가 스폐셜오더 내야 글러브 MM 미야모토신야X미즈노 블랙레드카멜2(우투 글러브)', 940000, 94000, 3, '최고에요!', 'Y', '길들이기 신청', '', '', '', '', 'Y', 'N', 'N', 'N', 'N', 'N', 0, '1703583381734m0.jpeg', NULL, NULL, NULL, NULL, '2024-06-13 14:29:02', 27),
	(10, '10', '1030', '정팡', '삼성전자 노트북 플러스2 NT550XDA-K14AW 8GB램 (SSD 128GB)', 5128000, 5128, 120, '가성비 최고\r\n인강용 노트북', 'N', NULL, NULL, NULL, NULL, NULL, 'Y', 'N', 'Y', 'N', 'Y', 'N', 0, '13799921_1.jpg', '13799921_2.jpg', '13799921_3.jpg', NULL, NULL, '2024-06-14 08:14:03', 1),
	(13, '50', '5040', '구팡', '휴대하기 편리한 초경량 3단 자동 양우산', 79000, 790, 10, '우산이뽀', 'N', NULL, NULL, NULL, NULL, NULL, 'Y', 'N', 'N', 'N', 'Y', 'Y', 10270, '23229b63b95373d5b612541cbfa6b51f63b2660c5337aded34e08fc5464b.jpg', NULL, NULL, NULL, NULL, '2024-06-14 15:11:19', 2),
	(20, '30', '3010', '나이키', '나이키 P-6000 프리미엄', 130000, 130, 0, '나이키 P-6000은 과거 페가수스 스니커즈를 매시업한 디자인이 특징으로, 2000년대 초 러닝화에 모던한 감각을 더했습니다. 통기성 좋은 메쉬, 스포티한 라인, 혼합 소재의 오버레이를 결합해 시선을 사로잡는 룩과 편안함을 모두 갖춘 완벽한 조합이 탄생했습니다. 또한 중창의 폼이 더욱 높아진, 트랙에서 영감을 받은 실루엣과 놀라운 쿠셔닝을 선사합니다."', 'N', NULL, NULL, NULL, NULL, NULL, 'Y', 'N', 'N', 'N', 'Y', 'N', 0, 'PDwmNHw5.png', NULL, NULL, NULL, NULL, '2024-06-18 08:52:12', 0),
	(21, '70', '7040', '미르책방', '돈의속성', 17800, 890, 148, '김승호 저자(글)\r\n스노우폭스북스 · 2020년 06월 15일\r\n주간베스트\r\n국내도서 127위 · 경제/경영 13위', 'N', NULL, NULL, NULL, NULL, NULL, 'Y', 'N', 'N', 'N', 'N', 'Y', 16020, '9791188331796.jpg', NULL, NULL, NULL, NULL, '2024-06-28 08:45:20', 0),
	(22, '70', '7040', '미르책방', '돈을 부르는 매너', 15000, 750, 149, '민경남 저자(글)\r\n데이원 · 2023년 09월 13일\r\n주간베스트\r\n자기계발 372위', 'N', NULL, NULL, NULL, NULL, NULL, 'Y', 'N', 'N', 'N', 'Y', 'Y', 13500, '9791168476073.jpg', NULL, NULL, NULL, NULL, '2024-06-28 08:46:32', 0),
	(23, '70', '7040', '미르책방', '아비투스(양장특별판)', 22000, 1100, 150, '도리스 메르틴 저자(글) · 배명자 번역\r\n다산초당 · 2023년 03월 24일\r\n주간베스트\r\n국내도서 364위 · 인문 42위', 'N', NULL, NULL, NULL, NULL, NULL, 'Y', 'Y', 'N', 'N', 'N', 'Y', 19800, '9791130698366.jpg', NULL, NULL, NULL, NULL, '2024-06-28 08:57:21', 0),
	(24, '70', '7030', '미르책방', '가짜 노동(리커버:K)', 16000, 800, 150, '데니스 뇌르마르크 , 아네르스 포그 옌센 저자(글) · 이수영 번역\r\n자음과모음 · 2024년 04월 17일\r\n주간베스트\r\n국내도서 788위 · 인문 84위', 'N', NULL, NULL, NULL, NULL, NULL, 'Y', 'Y', 'Y', 'N', 'N', 'N', 0, '9788954450393.jpg', NULL, NULL, NULL, NULL, '2024-06-28 08:58:19', 0),
	(25, '70', '7030', '미르책방', '만일 나에게 단 한 번의 아침이 남아 있다면', 19800, 990, 149, '존 릴런드 저자(글) · 최인하 번역\r\n북모먼트 · 2024년 06월 26일\r\n주간베스트\r\n국내도서 12위 · 인문 3위', 'N', NULL, NULL, NULL, NULL, NULL, 'Y', 'Y', 'Y', 'N', 'Y', 'N', 0, '9791193937112.jpg', NULL, NULL, NULL, NULL, '2024-06-28 08:59:11', 0),
	(26, '70', '7030', '미르책방', '당신이 몰랐던 이야기', 19800, 990, 137, '박준홍 저자(글)\r\n북스고 · 2024년 05월 31일\r\n주간베스트\r\n인문 155위', 'N', NULL, NULL, NULL, NULL, NULL, 'Y', 'N', 'N', 'Y', 'N', 'N', 0, '9791167600707.jpg', NULL, NULL, NULL, NULL, '2024-06-28 09:00:17', 0),
	(27, '20', '2010', '정팡', '로고 백 다크 블루 코튼 가디건', 384000, 384, 149, '골든구스의 DNA를 아우르는 유니크하고 시대를 초월하는 컬렉션으로, 일상 생활을 함께하며 좋을 때나 나쁠 때나, 궂을 때나 화창할 때나 언제나 곁을 지키도록 디자인하였습니다. 다크 블루 코튼의 이 레귤러 핏 보이즈 가디건은 뒷면에 화이트 로고와 정교한 레드 G 자수가 들어간 탈착 가능한 화이트 패치가 특징입니다.', 'N', NULL, NULL, NULL, NULL, NULL, 'Y', 'N', 'N', 'Y', 'Y', 'N', 0, 'GKP01400.P001082-50501.JPG', 'GKP01400.P001082-50501-10.JPG', NULL, NULL, NULL, '2024-06-28 15:48:20', 0),
	(28, '20', '2010', '정팡', '남성 프린트 프론트 에이지드 화이트 코튼 티셔츠', 298000, 298, 150, '우리의 집 베니스에서 우리의 꿈 파리로 이 저니 컬렉션은 친밀함, 진실성, 호기심으로 맥동하는 환상적인 분위기에 잠긴 ‘빛의 도시’에서 모든 순간의 정수와 아름다움을 포착합니다. 이 남성 레귤러 핏 에이지드 화이트 코튼 저지 라운드넥 티셔츠는 앞면에 시즈널 프린트가 특징입니다. 티셔츠 가장자리의 헤진 부분과 은은한 옐로우 효과가 티셔츠에 완전한 리브드 인 룩의 완성도를 더합니다.', 'N', NULL, NULL, NULL, NULL, NULL, 'Y', 'Y', 'Y', 'N', 'N', 'N', 0, 'GMP01220.P001339-11737.JPG', 'GMP01220.P001339-11737-2.JPG', NULL, NULL, NULL, '2024-06-28 15:49:52', 0),
	(29, '20', '2010', '정팡', '디스트레스드 마감의 베이비 블루 오버사이즈 스웨트셔츠', 398000, 398, 148, '우리의 고향 마르게라의 사랑 이야기. 모든 것이 시작된 곳. 골든구스의 최신 컬렉션은 골든구스의 탄생지, 대비, 산업 정신, 제조 환경을 반영하여 워크웨어의 생동감 있는 에너지와 전통 테일러링의 세련미에서 영감을 받아 함께 엮어냈습니다. 아메리칸 칼리지 스타일에서 영감을 받은 베이비 블루의 이 오버사이즈 유니섹스 스웨트셔츠는 디스트레스드 마감이 특징입니다. "University of Venice" 빈티지 프린트, 스프레이 디테일과 칼라와 커프스의 화이트 디스트레싱이 이 세상 하나뿐인 스웨트셔츠로 만들어줍니다.', 'N', NULL, NULL, NULL, NULL, NULL, 'Y', 'N', 'N', 'N', 'Y', 'Y', 218900, 'GUP01938.P001631-50877.JPG', 'GUP01938.P001631-50877-2.JPG', NULL, NULL, NULL, '2024-06-28 15:51:14', 0),
	(30, '20', '2010', '정팡', '화이트 코튼 포플린 버뮤다 쇼츠', 548000, 548, 149, '바닷가 햇볕 가득한 날의 정수를 담은 리조트 컬렉션은 오아시스 같은 여름의 바이브를 포착해 레트로 스타일로 모든 의상에 여유로움을 불어넣었습니다. 이 화이트 코튼 포플린 쇼츠는 앞면에 플리츠 주름과 총 4개 포켓이 특징입니다.\r\n', 'N', NULL, NULL, NULL, NULL, NULL, 'Y', 'Y', 'N', 'N', 'Y', 'N', 0, 'GMP01057.P001604-10359.JPG', 'GMP01057.P001604-10359-2.JPG', NULL, NULL, NULL, '2024-06-28 15:53:18', 0),
	(31, '20', '2020', '정팡', '파치먼트 컬러 슬리브리스 톱', 228000, 228, 141, '우리의 고향 마르게라의 사랑 이야기. 모든 것이 시작된 곳. 골든구스의 최신 컬렉션은 골든구스의 탄생지, 대비, 산업 정신, 제조 환경을 반영하여 워크웨어의 생동감 있는 에너지와 전통 테일러링의 세련미에서 영감을 받아 함께 엮어냈습니다. 립 패브릭의 레귤러 핏 톱은 왼쪽 하단에 장식된 "Golden Dreamers" 자카드 라벨이 특징입니다.', 'N', NULL, NULL, NULL, NULL, NULL, 'Y', 'Y', 'N', 'N', 'Y', 'N', 0, 'GWP01930.P001620-15610.JPG', 'GWP01930.P001620-15610-2.JPG', NULL, NULL, NULL, '2024-06-28 15:54:42', 0),
	(32, '20', '2020', '정팡', '여성 블루 코튼 플리츠 팬츠', 588000, 588, 146, '우리의 집 베니스에서 우리의 꿈 파리로 이 저니 컬렉션은 친밀함, 진실성, 호기심으로 맥동하는 환상적인 분위기에 잠긴 ‘빛의 도시’에서 모든 순간의 정수와 아름다움을 포착합니다. 이 블루 컬러 코튼 플리츠 팬츠는 와이드 레그와 뒷면에 두 개의 스타가 특징입니다.', 'N', NULL, NULL, NULL, NULL, NULL, 'Y', 'Y', 'Y', 'N', 'N', 'N', 0, 'GWP01203.P001484-50100.JPG', 'GWP01203.P001484-50100-2.JPG', NULL, NULL, NULL, '2024-06-28 15:56:14', 8),
	(33, '20', '2020', '정팡', '지퍼 여밈 & 후드 블루 크롭 스웨트셔츠', 478000, 478, 136, '우리의 집 베니스에서 우리의 꿈 파리로 이 저니 컬렉션은 친밀함, 진실성, 호기심으로 맥동하는 환상적인 분위기에 잠긴 ‘빛의 도시’에서 모든 순간의 정수와 아름다움을 포착합니다. 앞면에 하프 지퍼가 달린 마자린 블루 코튼의 이 크롭 스웨트셔츠는 후드와 가슴의 화이트 로고 프린트가 특징입니다.', 'N', NULL, NULL, NULL, NULL, NULL, 'Y', 'Y', 'N', 'N', 'N', 'Y', 430200, 'GWP01225.P001414-50832.JPG', 'GWP01225.P001414-50832-10.JPG', NULL, NULL, NULL, '2024-06-28 15:57:49', 6),
	(34, '20', '2020', '정팡', '여성 에크루 컬러 팬츠', 788000, 788, 146, '우리의 집 베니스에서 우리의 꿈 파리로 이 저니 컬렉션은 친밀함, 진실성, 호기심으로 맥동하는 환상적인 분위기에 잠긴 ‘빛의 도시’에서 모든 순간의 정수와 아름다움을 포착합니다. 이 에크루 코튼 팬츠는 니트 패턴과 스티치의 믹스, 신축성 있는 허리 밴드와 조젯 라이닝이 특징입니다.', 'N', NULL, NULL, NULL, NULL, NULL, 'Y', 'N', 'N', 'N', 'Y', 'Y', 669800, 'GWP01835.P001463-15103.JPG', 'GWP01835.P001463-15103-2.JPG', NULL, NULL, NULL, '2024-06-28 15:59:55', 5);

CREATE TABLE IF NOT EXISTS `store` (
  `sid` int NOT NULL AUTO_INCREMENT,
  `semail` varchar(50) COLLATE utf8mb3_unicode_ci DEFAULT NULL,
  `mutual` varchar(50) COLLATE utf8mb3_unicode_ci DEFAULT NULL,
  `ownername` varchar(50) COLLATE utf8mb3_unicode_ci DEFAULT NULL,
  `bnumber` varchar(50) COLLATE utf8mb3_unicode_ci NOT NULL DEFAULT '',
  `bnumberok` enum('Y','N') COLLATE utf8mb3_unicode_ci NOT NULL DEFAULT 'N',
  `identification` enum('Y','N') COLLATE utf8mb3_unicode_ci NOT NULL DEFAULT 'N',
  `spassword` varchar(100) COLLATE utf8mb3_unicode_ci DEFAULT NULL,
  `sphone` varchar(50) COLLATE utf8mb3_unicode_ci DEFAULT NULL,
  `zipcode` varchar(50) COLLATE utf8mb3_unicode_ci DEFAULT NULL,
  `address` varchar(255) COLLATE utf8mb3_unicode_ci DEFAULT NULL,
  `addressdetail` varchar(255) COLLATE utf8mb3_unicode_ci DEFAULT NULL,
  `joindate` date DEFAULT NULL,
  `slevel` varchar(50) COLLATE utf8mb3_unicode_ci NOT NULL DEFAULT '5',
  `storestatus` enum('정상','정지','탈퇴') COLLATE utf8mb3_unicode_ci NOT NULL DEFAULT '정상',
  `loginstatus` enum('가맹점') COLLATE utf8mb3_unicode_ci NOT NULL DEFAULT '가맹점',
  `secretkey` varchar(50) COLLATE utf8mb3_unicode_ci DEFAULT NULL,
  PRIMARY KEY (`sid`) USING BTREE
) ENGINE=InnoDB AUTO_INCREMENT=24 DEFAULT CHARSET=utf8mb3 COLLATE=utf8mb3_unicode_ci;

INSERT INTO `store` (`sid`, `semail`, `mutual`, `ownername`, `bnumber`, `bnumberok`, `identification`, `spassword`, `sphone`, `zipcode`, `address`, `addressdetail`, `joindate`, `slevel`, `storestatus`, `loginstatus`, `secretkey`) VALUES
	(1, 'g_admin', '나이키', '양정호', '2871801708', 'Y', 'Y', '@Singsong123', '01012341234', '02859', '서울 성북구 안암로 5', '4층', '2024-05-30', '5', '정상', '가맹점', 'VF74ZDHWB6XROKKN'),
	(10, 'test01', '테스트가맹점1', '테스트', '6560103108', 'Y', 'Y', '12345', '051624000', '1111', '어딘가', '어딘가', '2024-06-10', '5', '정상', '가맹점', 'THRYNKYVOGIYHJUP'),
	(11, 'test02@naver.com', '테스트상점2', '테스트2', '4218602723', 'Y', 'Y', '12345', '01012341234', '05500', '서울 송파구 탄천동로 36', '4층', '2024-06-10', '5', '정상', '가맹점', '6BDMKW2FQHLNWOW2'),
	(12, 'test03@naver.com', '테스트상점3', '테스트3', '4268802979', 'Y', 'N', '12345', '01065487015', '48024', '재반로241번길 8-62', '4층', '2024-06-10', '5', '정상', '가맹점', NULL),
	(13, 'test04@naver.com', '수정용가맹점임', '김수정', '4268802979', 'Y', 'N', '12345', '01012341234', '48024', '재반로241번길 8-62', '4층', '2024-06-10', '5', '정상', '가맹점', ''),
	(14, 'test05@naver.com', '테스트상점5', '테스트5', '3822301778', 'Y', 'N', '@Singsong123', '0516221543', '46729', '부산 강서구 가달1로 7', '4층', '2024-06-10', '5', '정상', '가맹점', NULL),
	(15, 'test06@naver.com', '정지가맹점', '정지인', '5458602179', 'Y', 'N', '@Singsong123', '02151515', '06035', '서울 강남구 가로수길 9', '2층', '2024-06-10', '5', '정지', '가맹점', ''),
	(16, 'test07@nave.com', '테스트상점7', '테스트7', '7212501676', 'Y', 'N', '@Singsong123', '02151515', '01849', '서울 노원구 공릉동 661-11', '12층', '2024-06-10', '5', '탈퇴', '가맹점', NULL),
	(17, 'test08@naver.com', '테스트가맹점8', '테스트8', '8243701003', 'Y', 'N', '@Aa12345678', '01065487015', '04776', '서울 성동구 성수이로 2', '2층', '2024-06-10', '5', '정상', '가맹점', NULL),
	(19, 'yjh04722@gmail.com', '정팡', '양정호', '2348802972', 'Y', 'Y', '@Singsong123', '01065487015', '48024', '재반로241번길 8-62', '어딘가', '2024-06-11', '5', '정상', '가맹점', '4NRQLHHZB4SAJLSH'),
	(20, 'tmdwns5501@naver.com', '준굿마켓', '준굿마켓', '1820901584', 'Y', 'Y', '@Aa123456', '01053879265', '63021', '제주특별자치도 제주시 한림읍 금악리 1008-2', '5층', '2024-06-13', '5', '정상', '가맹점', '45ONRDAT5BZ2KG6N'),
	(21, 'rbaks1461@naver.com', '구팡', '권규만', '6140252863', 'Y', 'Y', 'Zz11111*', '01024621461', '06035', '서울 강남구 도산대로11길 4', '2층', '2024-06-13', '5', '정상', '가맹점', 'OX6JUUB46LELMDNR'),
	(22, 'mir0608@naver.com', '미르책방', '양미르', '3778703136', 'Y', 'Y', '@Aa12345', '01065487015', '48024', '재반로241번길 8-62', '2층', '2024-06-28', '5', '정상', '가맹점', 'BIQSGBBQ7BVBSDLB'),
	(23, 'yjh_0715@naver.com', '정호상점', '양정호', '7501202367', 'Y', 'Y', '@Aa12345', '0511231234', '34672', '대전 동구 판암동 497-7', '4층', '2024-07-01', '5', '정상', '가맹점', 'KDTCSQ5I4OSQUCFS');

CREATE TABLE IF NOT EXISTS `toss` (
  `tid` int NOT NULL AUTO_INCREMENT,
  `cart` varchar(50) CHARACTER SET utf8mb3 COLLATE utf8mb3_unicode_ci NOT NULL DEFAULT '',
  `buyer` varchar(50) CHARACTER SET utf8mb3 COLLATE utf8mb3_unicode_ci DEFAULT NULL,
  `zipcode` varchar(50) CHARACTER SET utf8mb3 COLLATE utf8mb3_unicode_ci DEFAULT NULL,
  `address` varchar(255) CHARACTER SET utf8mb3 COLLATE utf8mb3_unicode_ci DEFAULT NULL,
  `addressdetail` varchar(255) CHARACTER SET utf8mb3 COLLATE utf8mb3_unicode_ci DEFAULT NULL,
  `code` varchar(255) CHARACTER SET utf8mb3 COLLATE utf8mb3_unicode_ci DEFAULT NULL,
  `point` int DEFAULT NULL,
  PRIMARY KEY (`tid`)
) ENGINE=InnoDB AUTO_INCREMENT=29 DEFAULT CHARSET=utf8mb3 COLLATE=utf8mb3_unicode_ci;

INSERT INTO `toss` (`tid`, `cart`, `buyer`, `zipcode`, `address`, `addressdetail`, `code`, `point`) VALUES
	(1, 'b7093491-92ce-4bb4-90ea-22c5edb31019', '권규만', '46549', '부산 북구 의성로47번길 42', '2층', NULL, NULL),
	(2, '7831a1b5-39b0-4489-b829-63ddb3879e68', '권규만', '46549', '부산 북구 의성로47번길 42', '2층', NULL, NULL),
	(3, 'bfb72a83-67ef-4c41-ba0b-043303c89f54', '권규만', '46549', '부산 북구 의성로47번길 42', '2층', '62652a09991d4e3f8177541c4d8bb65c', 100),
	(4, 'a9245835-7a4a-4fcf-8a3d-5cbdd516f42d', '권규만', '46549', '부산 북구 의성로47번길 42', '2층', 'd6d4330f018947d8add7a00cc75969d4', 820),
	(5, '820f507f-dba3-4f20-b492-af7047682a24', '권규만', '46549', '부산 북구 의성로47번길 42', '2층', '62652a09991d4e3f8177541c4d8bb65c', NULL),
	(6, '38eb6cd0-654c-4742-bd98-66b8210624e8', '권규만', '46549', '부산 북구 의성로47번길 42', '2층', '', 500),
	(7, '84f8d214-cee6-48f0-9c67-38f9bd401737', '권규만', '46549', '부산 북구 의성로47번길 42', '2층', 'd8edfca1e7f24f678312feb56a46bc33', 400),
	(8, '159a54de-0f52-4988-9b8a-e3ea808a9f36', '권규만', '46549', '부산 북구 의성로47번길 42', '2층', '', 200),
	(9, '3ca7efc8-d125-402c-9718-9ddef05b53c5', '권규만', '46549', '부산 북구 의성로47번길 42', '2층', '', 1000),
	(10, 'a1e8edeb-f17b-489a-a56a-9371c4ec4046', '권규만', '46549', '부산 북구 의성로47번길 42', '2층', '', NULL),
	(11, '9589f717-810c-423e-b73b-b1d90cec3104', '권규만', '46549', '부산 북구 의성로47번길 42', '2층', '', NULL),
	(12, '4f1c8b9f-215c-4c8f-8c6f-493790e6b3e6', '권규만', '46549', '부산 북구 의성로47번길 42', '2층', '', NULL),
	(13, 'd771c15a-c470-4eb8-9bab-693b3b914bfc', '양정호', '48024', '재반로241번길 8-62', '4층', '', NULL),
	(14, 'f5c30b0d-da3d-4078-907e-3a9164636c07', '권규만', '46549', '부산 북구 의성로47번길 42', '2층', '', 790),
	(15, 'd29d0e82-87e7-46e7-841f-8a9316d8c84d', '양정호', '48024', '재반로241번길 8-62', '4층', '', NULL),
	(16, 'c2bda1ee-61f2-4a56-b654-1b83cd3c8a59', '양정호', '48024', '재반로241번길 8-62', '4층', '18d8ec97af0b466aba379fa85c0c9a3e', 919),
	(17, '1cd3cc97-7c01-47c1-81a5-eb02d9b0fd29', '양정호', '48024', '재반로241번길 8-62', '4층', '4a7fb7fd4c89431a9dfc4adc2c9829ef', 10000),
	(24, 'e5c85d57-832b-4762-acd1-923522ae9ab8', '권규만', '46549', '부산 북구 의성로47번길 42', '2층', '', NULL),
	(25, '229591a2-f45c-4b40-9812-ae465be24c91', '양정호', '48024', '재반로241번길 8-62', '4층', '', 880),
	(26, 'd27297f7-24f1-4bb4-9930-d4593da37e5a', '권규만', '46549', '부산 북구 의성로47번길 42', '2층', '', NULL),
	(27, 'b98d399a-cd68-415f-bc5a-82d019eb43d3', '권규만', '46549', '부산 북구 의성로47번길 42', '2층', '', NULL),
	(28, '07fc8019-5888-4b34-8523-ffb2ffcc250d', '우승준', '38882', '경북 영천시 금호읍 대구대길 7', '111', '', NULL);

CREATE TABLE IF NOT EXISTS `visitor_stats` (
  `id` int NOT NULL AUTO_INCREMENT,
  `visit_date` date NOT NULL,
  `ip_address` varchar(255) COLLATE utf8mb3_unicode_ci NOT NULL,
  PRIMARY KEY (`id`)
) ENGINE=InnoDB AUTO_INCREMENT=1768 DEFAULT CHARSET=utf8mb3 COLLATE=utf8mb3_unicode_ci;

INSERT INTO `visitor_stats` (`id`, `visit_date`, `ip_address`) VALUES
	(1, '2024-07-04', '0:0:0:0:0:0:0:1'),
	(2, '2024-07-04', '0:0:0:0:0:0:0:1'),
	(3, '2024-07-04', '0:0:0:0:0:0:0:1'),
	(4, '2024-07-04', '0:0:0:0:0:0:0:1'),
	(5, '2024-07-04', '0:0:0:0:0:0:0:1'),
	(6, '2024-07-04', '0:0:0:0:0:0:0:1'),
	(7, '2024-07-04', '0:0:0:0:0:0:0:1'),
	(8, '2024-07-04', '0:0:0:0:0:0:0:1'),
	(9, '2024-07-04', '0:0:0:0:0:0:0:1'),
	(10, '2024-07-04', '0:0:0:0:0:0:0:1'),
	(11, '2024-07-04', '0:0:0:0:0:0:0:1'),
	(12, '2024-07-04', '0:0:0:0:0:0:0:1'),
	(13, '2024-07-04', '0:0:0:0:0:0:0:1'),
	(14, '2024-07-04', '0:0:0:0:0:0:0:1'),
	(15, '2024-07-04', '0:0:0:0:0:0:0:1'),
	(16, '2024-07-04', '0:0:0:0:0:0:0:1'),
	(17, '2024-07-04', '0:0:0:0:0:0:0:1'),
	(18, '2024-07-04', '0:0:0:0:0:0:0:1'),
	(19, '2024-07-04', '0:0:0:0:0:0:0:1'),
	(20, '2024-07-04', '0:0:0:0:0:0:0:1'),
	(21, '2024-07-04', '0:0:0:0:0:0:0:1'),
	(22, '2024-07-04', '0:0:0:0:0:0:0:1'),
	(23, '2024-07-04', '0:0:0:0:0:0:0:1'),
	(24, '2024-07-04', '0:0:0:0:0:0:0:1'),
	(25, '2024-07-04', '0:0:0:0:0:0:0:1'),
	(26, '2024-07-04', '0:0:0:0:0:0:0:1'),
	(27, '2024-07-04', '0:0:0:0:0:0:0:1'),
	(28, '2024-07-04', '0:0:0:0:0:0:0:1'),
	(29, '2024-07-04', '0:0:0:0:0:0:0:1'),
	(30, '2024-07-04', '0:0:0:0:0:0:0:1'),
	(31, '2024-07-04', '0:0:0:0:0:0:0:1'),
	(32, '2024-07-04', '0:0:0:0:0:0:0:1'),
	(33, '2024-07-04', '0:0:0:0:0:0:0:1'),
	(34, '2024-07-04', '0:0:0:0:0:0:0:1'),
	(35, '2024-07-04', '0:0:0:0:0:0:0:1'),
	(36, '2024-07-04', '0:0:0:0:0:0:0:1'),
	(37, '2024-07-04', '0:0:0:0:0:0:0:1'),
	(38, '2024-07-04', '0:0:0:0:0:0:0:1'),
	(39, '2024-07-04', '0:0:0:0:0:0:0:1'),
	(40, '2024-07-04', '0:0:0:0:0:0:0:1'),
	(41, '2024-07-04', '0:0:0:0:0:0:0:1'),
	(42, '2024-07-04', '0:0:0:0:0:0:0:1'),
	(43, '2024-07-04', '0:0:0:0:0:0:0:1'),
	(44, '2024-07-04', '0:0:0:0:0:0:0:1'),
	(45, '2024-07-04', '0:0:0:0:0:0:0:1'),
	(46, '2024-07-04', '0:0:0:0:0:0:0:1'),
	(47, '2024-07-04', '0:0:0:0:0:0:0:1'),
	(48, '2024-07-04', '0:0:0:0:0:0:0:1'),
	(49, '2024-07-04', '0:0:0:0:0:0:0:1'),
	(50, '2024-07-04', '0:0:0:0:0:0:0:1'),
	(51, '2024-07-04', '0:0:0:0:0:0:0:1'),
	(52, '2024-07-04', '0:0:0:0:0:0:0:1'),
	(53, '2024-07-05', '0:0:0:0:0:0:0:1'),
	(54, '2024-07-05', '0:0:0:0:0:0:0:1'),
	(55, '2024-07-05', '0:0:0:0:0:0:0:1'),
	(56, '2024-07-05', '0:0:0:0:0:0:0:1'),
	(57, '2024-07-05', '0:0:0:0:0:0:0:1'),
	(58, '2024-07-05', '0:0:0:0:0:0:0:1'),
	(59, '2024-07-05', '0:0:0:0:0:0:0:1'),
	(60, '2024-07-05', '0:0:0:0:0:0:0:1'),
	(61, '2024-07-05', '0:0:0:0:0:0:0:1'),
	(62, '2024-07-05', '0:0:0:0:0:0:0:1'),
	(63, '2024-07-05', '0:0:0:0:0:0:0:1'),
	(64, '2024-07-05', '0:0:0:0:0:0:0:1'),
	(65, '2024-07-05', '0:0:0:0:0:0:0:1'),
	(66, '2024-07-05', '0:0:0:0:0:0:0:1'),
	(67, '2024-07-05', '0:0:0:0:0:0:0:1'),
	(68, '2024-07-05', '0:0:0:0:0:0:0:1'),
	(69, '2024-07-05', '0:0:0:0:0:0:0:1'),
	(70, '2024-07-05', '0:0:0:0:0:0:0:1'),
	(71, '2024-07-05', '0:0:0:0:0:0:0:1'),
	(72, '2024-07-05', '0:0:0:0:0:0:0:1'),
	(73, '2024-07-05', '0:0:0:0:0:0:0:1'),
	(74, '2024-07-05', '0:0:0:0:0:0:0:1'),
	(75, '2024-07-05', '0:0:0:0:0:0:0:1'),
	(76, '2024-07-05', '0:0:0:0:0:0:0:1'),
	(77, '2024-07-05', '0:0:0:0:0:0:0:1'),
	(78, '2024-07-05', '0:0:0:0:0:0:0:1'),
	(79, '2024-07-05', '0:0:0:0:0:0:0:1'),
	(80, '2024-07-05', '0:0:0:0:0:0:0:1'),
	(81, '2024-07-05', '0:0:0:0:0:0:0:1'),
	(82, '2024-07-05', '0:0:0:0:0:0:0:1'),
	(83, '2024-07-06', '0:0:0:0:0:0:0:1'),
	(84, '2024-07-06', '0:0:0:0:0:0:0:1'),
	(85, '2024-07-06', '0:0:0:0:0:0:0:1'),
	(86, '2024-07-06', '0:0:0:0:0:0:0:1'),
	(87, '2024-07-06', '0:0:0:0:0:0:0:1'),
	(88, '2024-07-06', '0:0:0:0:0:0:0:1'),
	(89, '2024-07-06', '0:0:0:0:0:0:0:1'),
	(90, '2024-07-06', '0:0:0:0:0:0:0:1'),
	(91, '2024-07-06', '0:0:0:0:0:0:0:1'),
	(92, '2024-07-06', '0:0:0:0:0:0:0:1'),
	(93, '2024-07-06', '0:0:0:0:0:0:0:1'),
	(94, '2024-07-06', '0:0:0:0:0:0:0:1'),
	(95, '2024-07-06', '0:0:0:0:0:0:0:1'),
	(96, '2024-07-06', '0:0:0:0:0:0:0:1'),
	(97, '2024-07-06', '0:0:0:0:0:0:0:1'),
	(98, '2024-07-06', '0:0:0:0:0:0:0:1'),
	(99, '2024-07-06', '0:0:0:0:0:0:0:1'),
	(100, '2024-07-06', '0:0:0:0:0:0:0:1'),
	(101, '2024-07-06', '0:0:0:0:0:0:0:1'),
	(102, '2024-07-07', '0:0:0:0:0:0:0:1'),
	(103, '2024-07-07', '0:0:0:0:0:0:0:1'),
	(104, '2024-07-07', '0:0:0:0:0:0:0:1'),
	(105, '2024-07-08', '0:0:0:0:0:0:0:1'),
	(106, '2024-07-08', '0:0:0:0:0:0:0:1'),
	(107, '2024-07-08', '0:0:0:0:0:0:0:1'),
	(108, '2024-07-09', '0:0:0:0:0:0:0:1'),
	(109, '2024-07-09', '0:0:0:0:0:0:0:1'),
	(110, '2024-07-09', '0:0:0:0:0:0:0:1'),
	(111, '2024-07-04', '0:0:0:0:0:0:0:1'),
	(112, '2024-07-04', '0:0:0:0:0:0:0:1'),
	(113, '2024-07-04', '127.0.0.1'),
	(114, '2024-07-04', '0:0:0:0:0:0:0:1'),
	(115, '2024-07-03', '0:0:0:0:0:0:0:1'),
	(116, '2024-07-03', '0:0:0:0:0:0:0:1'),
	(117, '2024-07-03', '0:0:0:0:0:0:0:1'),
	(118, '2024-07-03', '0:0:0:0:0:0:0:1'),
	(119, '2024-07-03', '0:0:0:0:0:0:0:1'),
	(120, '2024-07-03', '0:0:0:0:0:0:0:1'),
	(121, '2024-07-03', '0:0:0:0:0:0:0:1'),
	(122, '2024-07-03', '0:0:0:0:0:0:0:1'),
	(123, '2024-07-03', '0:0:0:0:0:0:0:1'),
	(124, '2024-07-03', '0:0:0:0:0:0:0:1'),
	(125, '2024-07-03', '0:0:0:0:0:0:0:1'),
	(126, '2024-07-02', '0:0:0:0:0:0:0:1'),
	(127, '2024-07-01', '0:0:0:0:0:0:0:1'),
	(128, '2024-06-30', '0:0:0:0:0:0:0:1'),
	(129, '2024-06-29', '0:0:0:0:0:0:0:1'),
	(130, '2024-06-28', '0:0:0:0:0:0:0:1'),
	(131, '2024-06-27', '0:0:0:0:0:0:0:1'),
	(132, '2024-06-26', '0:0:0:0:0:0:0:1'),
	(133, '2024-07-03', '0:0:0:0:0:0:0:1'),
	(134, '2024-07-02', '0:0:0:0:0:0:0:1'),
	(135, '2024-07-01', '0:0:0:0:0:0:0:1'),
	(136, '2024-06-30', '0:0:0:0:0:0:0:1'),
	(137, '2024-06-29', '0:0:0:0:0:0:0:1'),
	(138, '2024-06-28', '0:0:0:0:0:0:0:1'),
	(139, '2024-06-27', '0:0:0:0:0:0:0:1'),
	(140, '2024-06-26', '0:0:0:0:0:0:0:1'),
	(141, '2024-07-03', '0:0:0:0:0:0:0:1'),
	(142, '2024-07-02', '0:0:0:0:0:0:0:1'),
	(143, '2024-07-01', '0:0:0:0:0:0:0:1'),
	(144, '2024-06-30', '0:0:0:0:0:0:0:1'),
	(145, '2024-06-29', '0:0:0:0:0:0:0:1'),
	(146, '2024-06-28', '0:0:0:0:0:0:0:1'),
	(147, '2024-06-27', '0:0:0:0:0:0:0:1'),
	(148, '2024-06-26', '0:0:0:0:0:0:0:1'),
	(149, '2024-07-03', '0:0:0:0:0:0:0:1'),
	(150, '2024-07-02', '0:0:0:0:0:0:0:1'),
	(151, '2024-07-01', '0:0:0:0:0:0:0:1'),
	(152, '2024-06-30', '0:0:0:0:0:0:0:1'),
	(153, '2024-06-29', '0:0:0:0:0:0:0:1'),
	(154, '2024-06-28', '0:0:0:0:0:0:0:1'),
	(155, '2024-06-27', '0:0:0:0:0:0:0:1'),
	(156, '2024-06-26', '0:0:0:0:0:0:0:1'),
	(157, '2024-07-03', '0:0:0:0:0:0:0:1'),
	(158, '2024-07-02', '0:0:0:0:0:0:0:1'),
	(159, '2024-07-01', '0:0:0:0:0:0:0:1'),
	(160, '2024-06-30', '0:0:0:0:0:0:0:1'),
	(161, '2024-06-29', '0:0:0:0:0:0:0:1'),
	(162, '2024-06-28', '0:0:0:0:0:0:0:1'),
	(163, '2024-06-27', '0:0:0:0:0:0:0:1'),
	(164, '2024-06-26', '0:0:0:0:0:0:0:1'),
	(165, '2024-07-03', '0:0:0:0:0:0:0:1'),
	(166, '2024-07-02', '0:0:0:0:0:0:0:1'),
	(167, '2024-07-01', '0:0:0:0:0:0:0:1'),
	(168, '2024-06-30', '0:0:0:0:0:0:0:1'),
	(169, '2024-06-29', '0:0:0:0:0:0:0:1'),
	(170, '2024-06-28', '0:0:0:0:0:0:0:1'),
	(171, '2024-06-27', '0:0:0:0:0:0:0:1'),
	(172, '2024-06-26', '0:0:0:0:0:0:0:1'),
	(173, '2024-07-03', '0:0:0:0:0:0:0:1'),
	(174, '2024-07-02', '0:0:0:0:0:0:0:1'),
	(175, '2024-07-01', '0:0:0:0:0:0:0:1'),
	(176, '2024-06-30', '0:0:0:0:0:0:0:1'),
	(177, '2024-06-29', '0:0:0:0:0:0:0:1'),
	(178, '2024-06-28', '0:0:0:0:0:0:0:1'),
	(179, '2024-06-27', '0:0:0:0:0:0:0:1'),
	(180, '2024-06-26', '0:0:0:0:0:0:0:1'),
	(181, '2024-07-03', '0:0:0:0:0:0:0:1'),
	(182, '2024-07-02', '0:0:0:0:0:0:0:1'),
	(183, '2024-07-01', '0:0:0:0:0:0:0:1'),
	(184, '2024-06-30', '0:0:0:0:0:0:0:1'),
	(185, '2024-06-29', '0:0:0:0:0:0:0:1'),
	(186, '2024-06-28', '0:0:0:0:0:0:0:1'),
	(187, '2024-06-27', '0:0:0:0:0:0:0:1'),
	(188, '2024-06-26', '0:0:0:0:0:0:0:1'),
	(189, '2024-07-03', '0:0:0:0:0:0:0:1'),
	(190, '2024-07-02', '0:0:0:0:0:0:0:1'),
	(191, '2024-07-01', '0:0:0:0:0:0:0:1'),
	(192, '2024-06-30', '0:0:0:0:0:0:0:1'),
	(193, '2024-06-29', '0:0:0:0:0:0:0:1'),
	(194, '2024-06-28', '0:0:0:0:0:0:0:1'),
	(195, '2024-06-27', '0:0:0:0:0:0:0:1'),
	(196, '2024-06-26', '0:0:0:0:0:0:0:1'),
	(197, '2024-07-03', '0:0:0:0:0:0:0:1'),
	(198, '2024-07-02', '0:0:0:0:0:0:0:1'),
	(199, '2024-07-01', '0:0:0:0:0:0:0:1'),
	(200, '2024-06-30', '0:0:0:0:0:0:0:1'),
	(201, '2024-06-29', '0:0:0:0:0:0:0:1'),
	(202, '2024-06-28', '0:0:0:0:0:0:0:1'),
	(203, '2024-06-27', '0:0:0:0:0:0:0:1'),
	(204, '2024-06-26', '0:0:0:0:0:0:0:1'),
	(205, '2024-07-03', '0:0:0:0:0:0:0:1'),
	(206, '2024-07-02', '0:0:0:0:0:0:0:1'),
	(207, '2024-07-01', '0:0:0:0:0:0:0:1'),
	(208, '2024-06-30', '0:0:0:0:0:0:0:1'),
	(209, '2024-06-29', '0:0:0:0:0:0:0:1'),
	(210, '2024-06-28', '0:0:0:0:0:0:0:1'),
	(211, '2024-06-27', '0:0:0:0:0:0:0:1'),
	(212, '2024-06-26', '0:0:0:0:0:0:0:1'),
	(213, '2024-07-03', '0:0:0:0:0:0:0:1'),
	(214, '2024-07-02', '0:0:0:0:0:0:0:1'),
	(215, '2024-07-01', '0:0:0:0:0:0:0:1'),
	(216, '2024-06-30', '0:0:0:0:0:0:0:1'),
	(217, '2024-06-29', '0:0:0:0:0:0:0:1'),
	(218, '2024-06-28', '0:0:0:0:0:0:0:1'),
	(219, '2024-06-27', '0:0:0:0:0:0:0:1'),
	(220, '2024-06-26', '0:0:0:0:0:0:0:1'),
	(221, '2024-07-03', '0:0:0:0:0:0:0:1'),
	(222, '2024-07-02', '0:0:0:0:0:0:0:1'),
	(223, '2024-07-01', '0:0:0:0:0:0:0:1'),
	(224, '2024-06-30', '0:0:0:0:0:0:0:1'),
	(225, '2024-06-29', '0:0:0:0:0:0:0:1'),
	(226, '2024-06-28', '0:0:0:0:0:0:0:1'),
	(227, '2024-06-27', '0:0:0:0:0:0:0:1'),
	(228, '2024-06-26', '0:0:0:0:0:0:0:1'),
	(229, '2024-07-03', '0:0:0:0:0:0:0:1'),
	(230, '2024-07-02', '0:0:0:0:0:0:0:1'),
	(231, '2024-07-01', '0:0:0:0:0:0:0:1'),
	(232, '2024-06-30', '0:0:0:0:0:0:0:1'),
	(233, '2024-06-29', '0:0:0:0:0:0:0:1'),
	(234, '2024-06-28', '0:0:0:0:0:0:0:1'),
	(235, '2024-06-27', '0:0:0:0:0:0:0:1'),
	(236, '2024-06-26', '0:0:0:0:0:0:0:1'),
	(237, '2024-07-03', '0:0:0:0:0:0:0:1'),
	(238, '2024-07-02', '0:0:0:0:0:0:0:1'),
	(239, '2024-07-01', '0:0:0:0:0:0:0:1'),
	(240, '2024-06-30', '0:0:0:0:0:0:0:1'),
	(241, '2024-06-29', '0:0:0:0:0:0:0:1'),
	(242, '2024-06-28', '0:0:0:0:0:0:0:1'),
	(243, '2024-06-27', '0:0:0:0:0:0:0:1'),
	(244, '2024-06-26', '0:0:0:0:0:0:0:1'),
	(245, '2024-07-03', '0:0:0:0:0:0:0:1'),
	(246, '2024-07-02', '0:0:0:0:0:0:0:1'),
	(247, '2024-07-01', '0:0:0:0:0:0:0:1'),
	(248, '2024-06-30', '0:0:0:0:0:0:0:1'),
	(249, '2024-06-29', '0:0:0:0:0:0:0:1'),
	(250, '2024-06-28', '0:0:0:0:0:0:0:1'),
	(251, '2024-06-27', '0:0:0:0:0:0:0:1'),
	(252, '2024-06-26', '0:0:0:0:0:0:0:1'),
	(253, '2024-07-03', '0:0:0:0:0:0:0:1'),
	(254, '2024-07-02', '0:0:0:0:0:0:0:1'),
	(255, '2024-07-01', '0:0:0:0:0:0:0:1'),
	(256, '2024-06-30', '0:0:0:0:0:0:0:1'),
	(257, '2024-06-29', '0:0:0:0:0:0:0:1'),
	(258, '2024-06-28', '0:0:0:0:0:0:0:1'),
	(259, '2024-06-27', '0:0:0:0:0:0:0:1'),
	(260, '2024-06-26', '0:0:0:0:0:0:0:1'),
	(261, '2024-07-03', '0:0:0:0:0:0:0:1'),
	(262, '2024-07-02', '0:0:0:0:0:0:0:1'),
	(263, '2024-07-01', '0:0:0:0:0:0:0:1'),
	(264, '2024-06-30', '0:0:0:0:0:0:0:1'),
	(265, '2024-06-29', '0:0:0:0:0:0:0:1'),
	(266, '2024-06-28', '0:0:0:0:0:0:0:1'),
	(267, '2024-06-27', '0:0:0:0:0:0:0:1'),
	(268, '2024-06-26', '0:0:0:0:0:0:0:1'),
	(269, '2024-07-03', '0:0:0:0:0:0:0:1'),
	(270, '2024-07-02', '0:0:0:0:0:0:0:1'),
	(271, '2024-07-01', '0:0:0:0:0:0:0:1'),
	(272, '2024-06-30', '0:0:0:0:0:0:0:1'),
	(273, '2024-06-29', '0:0:0:0:0:0:0:1'),
	(274, '2024-06-28', '0:0:0:0:0:0:0:1'),
	(275, '2024-06-27', '0:0:0:0:0:0:0:1'),
	(276, '2024-06-26', '0:0:0:0:0:0:0:1'),
	(277, '2024-07-03', '0:0:0:0:0:0:0:1'),
	(278, '2024-07-02', '0:0:0:0:0:0:0:1'),
	(279, '2024-07-01', '0:0:0:0:0:0:0:1'),
	(280, '2024-06-30', '0:0:0:0:0:0:0:1'),
	(281, '2024-06-29', '0:0:0:0:0:0:0:1'),
	(282, '2024-06-28', '0:0:0:0:0:0:0:1'),
	(283, '2024-06-27', '0:0:0:0:0:0:0:1'),
	(284, '2024-06-26', '0:0:0:0:0:0:0:1'),
	(285, '2024-07-03', '0:0:0:0:0:0:0:1'),
	(286, '2024-07-02', '0:0:0:0:0:0:0:1'),
	(287, '2024-07-01', '0:0:0:0:0:0:0:1'),
	(288, '2024-06-30', '0:0:0:0:0:0:0:1'),
	(289, '2024-06-29', '0:0:0:0:0:0:0:1'),
	(290, '2024-06-28', '0:0:0:0:0:0:0:1'),
	(291, '2024-06-27', '0:0:0:0:0:0:0:1'),
	(292, '2024-06-26', '0:0:0:0:0:0:0:1'),
	(293, '2024-07-03', '0:0:0:0:0:0:0:1'),
	(294, '2024-07-02', '0:0:0:0:0:0:0:1'),
	(295, '2024-07-01', '0:0:0:0:0:0:0:1'),
	(296, '2024-06-30', '0:0:0:0:0:0:0:1'),
	(297, '2024-06-29', '0:0:0:0:0:0:0:1'),
	(298, '2024-06-28', '0:0:0:0:0:0:0:1'),
	(299, '2024-06-27', '0:0:0:0:0:0:0:1'),
	(300, '2024-06-26', '0:0:0:0:0:0:0:1'),
	(301, '2024-07-03', '0:0:0:0:0:0:0:1'),
	(302, '2024-07-02', '0:0:0:0:0:0:0:1'),
	(303, '2024-07-01', '0:0:0:0:0:0:0:1'),
	(304, '2024-06-30', '0:0:0:0:0:0:0:1'),
	(305, '2024-06-29', '0:0:0:0:0:0:0:1'),
	(306, '2024-06-28', '0:0:0:0:0:0:0:1'),
	(307, '2024-06-27', '0:0:0:0:0:0:0:1'),
	(308, '2024-06-26', '0:0:0:0:0:0:0:1'),
	(309, '2024-07-03', '0:0:0:0:0:0:0:1'),
	(310, '2024-07-02', '0:0:0:0:0:0:0:1'),
	(311, '2024-07-01', '0:0:0:0:0:0:0:1'),
	(312, '2024-06-30', '0:0:0:0:0:0:0:1'),
	(313, '2024-06-29', '0:0:0:0:0:0:0:1'),
	(314, '2024-06-28', '0:0:0:0:0:0:0:1'),
	(315, '2024-06-27', '0:0:0:0:0:0:0:1'),
	(316, '2024-06-26', '0:0:0:0:0:0:0:1'),
	(317, '2024-07-03', '0:0:0:0:0:0:0:1'),
	(318, '2024-07-02', '0:0:0:0:0:0:0:1'),
	(319, '2024-07-01', '0:0:0:0:0:0:0:1'),
	(320, '2024-06-30', '0:0:0:0:0:0:0:1'),
	(321, '2024-06-29', '0:0:0:0:0:0:0:1'),
	(322, '2024-06-28', '0:0:0:0:0:0:0:1'),
	(323, '2024-06-27', '0:0:0:0:0:0:0:1'),
	(324, '2024-06-26', '0:0:0:0:0:0:0:1'),
	(325, '2024-07-03', '0:0:0:0:0:0:0:1'),
	(326, '2024-07-02', '0:0:0:0:0:0:0:1'),
	(327, '2024-07-01', '0:0:0:0:0:0:0:1'),
	(328, '2024-06-30', '0:0:0:0:0:0:0:1'),
	(329, '2024-06-29', '0:0:0:0:0:0:0:1'),
	(330, '2024-06-28', '0:0:0:0:0:0:0:1'),
	(331, '2024-06-27', '0:0:0:0:0:0:0:1'),
	(332, '2024-06-26', '0:0:0:0:0:0:0:1'),
	(333, '2024-07-03', '0:0:0:0:0:0:0:1'),
	(334, '2024-07-02', '0:0:0:0:0:0:0:1'),
	(335, '2024-07-01', '0:0:0:0:0:0:0:1'),
	(336, '2024-06-30', '0:0:0:0:0:0:0:1'),
	(337, '2024-06-29', '0:0:0:0:0:0:0:1'),
	(338, '2024-06-28', '0:0:0:0:0:0:0:1'),
	(339, '2024-06-27', '0:0:0:0:0:0:0:1'),
	(340, '2024-06-26', '0:0:0:0:0:0:0:1'),
	(341, '2024-07-03', '0:0:0:0:0:0:0:1'),
	(342, '2024-07-02', '0:0:0:0:0:0:0:1'),
	(343, '2024-07-01', '0:0:0:0:0:0:0:1'),
	(344, '2024-06-30', '0:0:0:0:0:0:0:1'),
	(345, '2024-06-29', '0:0:0:0:0:0:0:1'),
	(346, '2024-06-28', '0:0:0:0:0:0:0:1'),
	(347, '2024-06-27', '0:0:0:0:0:0:0:1'),
	(348, '2024-06-26', '0:0:0:0:0:0:0:1'),
	(349, '2024-07-03', '0:0:0:0:0:0:0:1'),
	(350, '2024-07-02', '0:0:0:0:0:0:0:1'),
	(351, '2024-07-01', '0:0:0:0:0:0:0:1'),
	(352, '2024-06-30', '0:0:0:0:0:0:0:1'),
	(353, '2024-06-29', '0:0:0:0:0:0:0:1'),
	(354, '2024-06-28', '0:0:0:0:0:0:0:1'),
	(355, '2024-06-27', '0:0:0:0:0:0:0:1'),
	(356, '2024-06-26', '0:0:0:0:0:0:0:1'),
	(357, '2024-07-03', '0:0:0:0:0:0:0:1'),
	(358, '2024-07-02', '0:0:0:0:0:0:0:1'),
	(359, '2024-07-01', '0:0:0:0:0:0:0:1'),
	(360, '2024-06-30', '0:0:0:0:0:0:0:1'),
	(361, '2024-06-29', '0:0:0:0:0:0:0:1'),
	(362, '2024-06-28', '0:0:0:0:0:0:0:1'),
	(363, '2024-06-27', '0:0:0:0:0:0:0:1'),
	(364, '2024-06-26', '0:0:0:0:0:0:0:1'),
	(365, '2024-07-03', '0:0:0:0:0:0:0:1'),
	(366, '2024-07-02', '0:0:0:0:0:0:0:1'),
	(367, '2024-07-01', '0:0:0:0:0:0:0:1'),
	(368, '2024-06-30', '0:0:0:0:0:0:0:1'),
	(369, '2024-06-29', '0:0:0:0:0:0:0:1'),
	(370, '2024-06-28', '0:0:0:0:0:0:0:1'),
	(371, '2024-06-27', '0:0:0:0:0:0:0:1'),
	(372, '2024-06-26', '0:0:0:0:0:0:0:1'),
	(373, '2024-07-03', '0:0:0:0:0:0:0:1'),
	(374, '2024-07-02', '0:0:0:0:0:0:0:1'),
	(375, '2024-07-01', '0:0:0:0:0:0:0:1'),
	(376, '2024-06-30', '0:0:0:0:0:0:0:1'),
	(377, '2024-06-29', '0:0:0:0:0:0:0:1'),
	(378, '2024-06-28', '0:0:0:0:0:0:0:1'),
	(379, '2024-06-27', '0:0:0:0:0:0:0:1'),
	(380, '2024-06-26', '0:0:0:0:0:0:0:1'),
	(381, '2024-07-03', '0:0:0:0:0:0:0:1'),
	(382, '2024-07-02', '0:0:0:0:0:0:0:1'),
	(383, '2024-07-01', '0:0:0:0:0:0:0:1'),
	(384, '2024-06-30', '0:0:0:0:0:0:0:1'),
	(385, '2024-06-29', '0:0:0:0:0:0:0:1'),
	(386, '2024-06-28', '0:0:0:0:0:0:0:1'),
	(387, '2024-06-27', '0:0:0:0:0:0:0:1'),
	(388, '2024-06-26', '0:0:0:0:0:0:0:1'),
	(389, '2024-07-03', '0:0:0:0:0:0:0:1'),
	(390, '2024-07-02', '0:0:0:0:0:0:0:1'),
	(391, '2024-07-01', '0:0:0:0:0:0:0:1'),
	(392, '2024-06-30', '0:0:0:0:0:0:0:1'),
	(393, '2024-06-29', '0:0:0:0:0:0:0:1'),
	(394, '2024-06-28', '0:0:0:0:0:0:0:1'),
	(395, '2024-06-27', '0:0:0:0:0:0:0:1'),
	(396, '2024-06-26', '0:0:0:0:0:0:0:1'),
	(397, '2024-07-03', '0:0:0:0:0:0:0:1'),
	(398, '2024-07-02', '0:0:0:0:0:0:0:1'),
	(399, '2024-07-01', '0:0:0:0:0:0:0:1'),
	(400, '2024-06-30', '0:0:0:0:0:0:0:1'),
	(401, '2024-06-29', '0:0:0:0:0:0:0:1'),
	(402, '2024-06-28', '0:0:0:0:0:0:0:1'),
	(403, '2024-06-27', '0:0:0:0:0:0:0:1'),
	(404, '2024-06-26', '0:0:0:0:0:0:0:1'),
	(405, '2024-07-03', '0:0:0:0:0:0:0:1'),
	(406, '2024-07-02', '0:0:0:0:0:0:0:1'),
	(407, '2024-07-01', '0:0:0:0:0:0:0:1'),
	(408, '2024-06-30', '0:0:0:0:0:0:0:1'),
	(409, '2024-06-29', '0:0:0:0:0:0:0:1'),
	(410, '2024-06-28', '0:0:0:0:0:0:0:1'),
	(411, '2024-06-27', '0:0:0:0:0:0:0:1'),
	(412, '2024-06-26', '0:0:0:0:0:0:0:1'),
	(413, '2024-07-03', '0:0:0:0:0:0:0:1'),
	(414, '2024-07-02', '0:0:0:0:0:0:0:1'),
	(415, '2024-07-01', '0:0:0:0:0:0:0:1'),
	(416, '2024-06-30', '0:0:0:0:0:0:0:1'),
	(417, '2024-06-29', '0:0:0:0:0:0:0:1'),
	(418, '2024-06-28', '0:0:0:0:0:0:0:1'),
	(419, '2024-06-27', '0:0:0:0:0:0:0:1'),
	(420, '2024-06-26', '0:0:0:0:0:0:0:1'),
	(421, '2024-07-03', '0:0:0:0:0:0:0:1'),
	(422, '2024-07-02', '0:0:0:0:0:0:0:1'),
	(423, '2024-07-01', '0:0:0:0:0:0:0:1'),
	(424, '2024-06-30', '0:0:0:0:0:0:0:1'),
	(425, '2024-06-29', '0:0:0:0:0:0:0:1'),
	(426, '2024-06-28', '0:0:0:0:0:0:0:1'),
	(427, '2024-06-27', '0:0:0:0:0:0:0:1'),
	(428, '2024-06-26', '0:0:0:0:0:0:0:1'),
	(429, '2024-07-03', '0:0:0:0:0:0:0:1'),
	(430, '2024-07-02', '0:0:0:0:0:0:0:1'),
	(431, '2024-07-01', '0:0:0:0:0:0:0:1'),
	(432, '2024-06-30', '0:0:0:0:0:0:0:1'),
	(433, '2024-06-29', '0:0:0:0:0:0:0:1'),
	(434, '2024-06-28', '0:0:0:0:0:0:0:1'),
	(435, '2024-06-27', '0:0:0:0:0:0:0:1'),
	(436, '2024-06-26', '0:0:0:0:0:0:0:1'),
	(437, '2024-07-03', '0:0:0:0:0:0:0:1'),
	(438, '2024-07-02', '0:0:0:0:0:0:0:1'),
	(439, '2024-07-01', '0:0:0:0:0:0:0:1'),
	(440, '2024-06-30', '0:0:0:0:0:0:0:1'),
	(441, '2024-06-29', '0:0:0:0:0:0:0:1'),
	(442, '2024-06-28', '0:0:0:0:0:0:0:1'),
	(443, '2024-06-27', '0:0:0:0:0:0:0:1'),
	(444, '2024-06-26', '0:0:0:0:0:0:0:1'),
	(445, '2024-07-03', '0:0:0:0:0:0:0:1'),
	(446, '2024-07-02', '0:0:0:0:0:0:0:1'),
	(447, '2024-07-01', '0:0:0:0:0:0:0:1'),
	(448, '2024-06-30', '0:0:0:0:0:0:0:1'),
	(449, '2024-06-29', '0:0:0:0:0:0:0:1'),
	(450, '2024-06-28', '0:0:0:0:0:0:0:1'),
	(451, '2024-06-27', '0:0:0:0:0:0:0:1'),
	(452, '2024-06-26', '0:0:0:0:0:0:0:1'),
	(453, '2024-07-03', '0:0:0:0:0:0:0:1'),
	(454, '2024-07-02', '0:0:0:0:0:0:0:1'),
	(455, '2024-07-01', '0:0:0:0:0:0:0:1'),
	(456, '2024-06-30', '0:0:0:0:0:0:0:1'),
	(457, '2024-06-29', '0:0:0:0:0:0:0:1'),
	(458, '2024-06-28', '0:0:0:0:0:0:0:1'),
	(459, '2024-06-27', '0:0:0:0:0:0:0:1'),
	(460, '2024-06-26', '0:0:0:0:0:0:0:1'),
	(461, '2024-07-03', '0:0:0:0:0:0:0:1'),
	(462, '2024-07-02', '0:0:0:0:0:0:0:1'),
	(463, '2024-07-01', '0:0:0:0:0:0:0:1'),
	(464, '2024-06-30', '0:0:0:0:0:0:0:1'),
	(465, '2024-06-29', '0:0:0:0:0:0:0:1'),
	(466, '2024-06-28', '0:0:0:0:0:0:0:1'),
	(467, '2024-06-27', '0:0:0:0:0:0:0:1'),
	(468, '2024-06-26', '0:0:0:0:0:0:0:1'),
	(469, '2024-07-03', '0:0:0:0:0:0:0:1'),
	(470, '2024-07-02', '0:0:0:0:0:0:0:1'),
	(471, '2024-07-01', '0:0:0:0:0:0:0:1'),
	(472, '2024-06-30', '0:0:0:0:0:0:0:1'),
	(473, '2024-06-29', '0:0:0:0:0:0:0:1'),
	(474, '2024-06-28', '0:0:0:0:0:0:0:1'),
	(475, '2024-06-27', '0:0:0:0:0:0:0:1'),
	(476, '2024-06-26', '0:0:0:0:0:0:0:1'),
	(477, '2024-07-03', '0:0:0:0:0:0:0:1'),
	(478, '2024-07-02', '0:0:0:0:0:0:0:1'),
	(479, '2024-07-01', '0:0:0:0:0:0:0:1'),
	(480, '2024-06-30', '0:0:0:0:0:0:0:1'),
	(481, '2024-06-29', '0:0:0:0:0:0:0:1'),
	(482, '2024-06-28', '0:0:0:0:0:0:0:1'),
	(483, '2024-06-27', '0:0:0:0:0:0:0:1'),
	(484, '2024-06-26', '0:0:0:0:0:0:0:1'),
	(485, '2024-07-03', '0:0:0:0:0:0:0:1'),
	(486, '2024-07-02', '0:0:0:0:0:0:0:1'),
	(487, '2024-07-01', '0:0:0:0:0:0:0:1'),
	(488, '2024-06-30', '0:0:0:0:0:0:0:1'),
	(489, '2024-06-29', '0:0:0:0:0:0:0:1'),
	(490, '2024-06-28', '0:0:0:0:0:0:0:1'),
	(491, '2024-06-27', '0:0:0:0:0:0:0:1'),
	(492, '2024-06-26', '0:0:0:0:0:0:0:1'),
	(493, '2024-07-03', '0:0:0:0:0:0:0:1'),
	(494, '2024-07-02', '0:0:0:0:0:0:0:1'),
	(495, '2024-07-01', '0:0:0:0:0:0:0:1'),
	(496, '2024-06-30', '0:0:0:0:0:0:0:1'),
	(497, '2024-06-29', '0:0:0:0:0:0:0:1'),
	(498, '2024-06-28', '0:0:0:0:0:0:0:1'),
	(499, '2024-06-27', '0:0:0:0:0:0:0:1'),
	(500, '2024-06-26', '0:0:0:0:0:0:0:1'),
	(501, '2024-07-03', '0:0:0:0:0:0:0:1'),
	(502, '2024-07-02', '0:0:0:0:0:0:0:1'),
	(503, '2024-07-01', '0:0:0:0:0:0:0:1'),
	(504, '2024-06-30', '0:0:0:0:0:0:0:1'),
	(505, '2024-06-29', '0:0:0:0:0:0:0:1'),
	(506, '2024-06-28', '0:0:0:0:0:0:0:1'),
	(507, '2024-06-27', '0:0:0:0:0:0:0:1'),
	(508, '2024-06-26', '0:0:0:0:0:0:0:1'),
	(509, '2024-07-03', '0:0:0:0:0:0:0:1'),
	(510, '2024-07-02', '0:0:0:0:0:0:0:1'),
	(511, '2024-07-01', '0:0:0:0:0:0:0:1'),
	(512, '2024-06-30', '0:0:0:0:0:0:0:1'),
	(513, '2024-06-29', '0:0:0:0:0:0:0:1'),
	(514, '2024-06-28', '0:0:0:0:0:0:0:1'),
	(515, '2024-06-27', '0:0:0:0:0:0:0:1'),
	(516, '2024-06-26', '0:0:0:0:0:0:0:1'),
	(517, '2024-07-03', '0:0:0:0:0:0:0:1'),
	(518, '2024-07-02', '0:0:0:0:0:0:0:1'),
	(519, '2024-07-01', '0:0:0:0:0:0:0:1'),
	(520, '2024-06-30', '0:0:0:0:0:0:0:1'),
	(521, '2024-06-29', '0:0:0:0:0:0:0:1'),
	(522, '2024-06-28', '0:0:0:0:0:0:0:1'),
	(523, '2024-06-27', '0:0:0:0:0:0:0:1'),
	(524, '2024-06-26', '0:0:0:0:0:0:0:1'),
	(525, '2024-07-03', '0:0:0:0:0:0:0:1'),
	(526, '2024-07-02', '0:0:0:0:0:0:0:1'),
	(527, '2024-07-01', '0:0:0:0:0:0:0:1'),
	(528, '2024-06-30', '0:0:0:0:0:0:0:1'),
	(529, '2024-06-29', '0:0:0:0:0:0:0:1'),
	(530, '2024-06-28', '0:0:0:0:0:0:0:1'),
	(531, '2024-06-27', '0:0:0:0:0:0:0:1'),
	(532, '2024-06-26', '0:0:0:0:0:0:0:1'),
	(533, '2024-07-03', '0:0:0:0:0:0:0:1'),
	(534, '2024-07-02', '0:0:0:0:0:0:0:1'),
	(535, '2024-07-01', '0:0:0:0:0:0:0:1'),
	(536, '2024-06-30', '0:0:0:0:0:0:0:1'),
	(537, '2024-06-29', '0:0:0:0:0:0:0:1'),
	(538, '2024-06-28', '0:0:0:0:0:0:0:1'),
	(539, '2024-06-27', '0:0:0:0:0:0:0:1'),
	(540, '2024-06-26', '0:0:0:0:0:0:0:1'),
	(541, '2024-07-03', '0:0:0:0:0:0:0:1'),
	(542, '2024-07-02', '0:0:0:0:0:0:0:1'),
	(543, '2024-07-01', '0:0:0:0:0:0:0:1'),
	(544, '2024-06-30', '0:0:0:0:0:0:0:1'),
	(545, '2024-06-29', '0:0:0:0:0:0:0:1'),
	(546, '2024-06-28', '0:0:0:0:0:0:0:1'),
	(547, '2024-06-27', '0:0:0:0:0:0:0:1'),
	(548, '2024-06-26', '0:0:0:0:0:0:0:1'),
	(549, '2024-07-03', '0:0:0:0:0:0:0:1'),
	(550, '2024-07-02', '0:0:0:0:0:0:0:1'),
	(551, '2024-07-01', '0:0:0:0:0:0:0:1'),
	(552, '2024-06-30', '0:0:0:0:0:0:0:1'),
	(553, '2024-06-29', '0:0:0:0:0:0:0:1'),
	(554, '2024-06-28', '0:0:0:0:0:0:0:1'),
	(555, '2024-06-27', '0:0:0:0:0:0:0:1'),
	(556, '2024-06-26', '0:0:0:0:0:0:0:1'),
	(557, '2024-07-03', '0:0:0:0:0:0:0:1'),
	(558, '2024-07-02', '0:0:0:0:0:0:0:1'),
	(559, '2024-07-01', '0:0:0:0:0:0:0:1'),
	(560, '2024-06-30', '0:0:0:0:0:0:0:1'),
	(561, '2024-06-29', '0:0:0:0:0:0:0:1'),
	(562, '2024-06-28', '0:0:0:0:0:0:0:1'),
	(563, '2024-06-27', '0:0:0:0:0:0:0:1'),
	(564, '2024-06-26', '0:0:0:0:0:0:0:1'),
	(565, '2024-07-03', '0:0:0:0:0:0:0:1'),
	(566, '2024-07-02', '0:0:0:0:0:0:0:1'),
	(567, '2024-07-01', '0:0:0:0:0:0:0:1'),
	(568, '2024-06-30', '0:0:0:0:0:0:0:1'),
	(569, '2024-06-29', '0:0:0:0:0:0:0:1'),
	(570, '2024-06-28', '0:0:0:0:0:0:0:1'),
	(571, '2024-06-27', '0:0:0:0:0:0:0:1'),
	(572, '2024-06-26', '0:0:0:0:0:0:0:1'),
	(573, '2024-07-03', '0:0:0:0:0:0:0:1'),
	(574, '2024-07-02', '0:0:0:0:0:0:0:1'),
	(575, '2024-07-01', '0:0:0:0:0:0:0:1'),
	(576, '2024-06-30', '0:0:0:0:0:0:0:1'),
	(577, '2024-06-29', '0:0:0:0:0:0:0:1'),
	(578, '2024-06-28', '0:0:0:0:0:0:0:1'),
	(579, '2024-06-27', '0:0:0:0:0:0:0:1'),
	(580, '2024-06-26', '0:0:0:0:0:0:0:1'),
	(581, '2024-07-03', '0:0:0:0:0:0:0:1'),
	(582, '2024-07-02', '0:0:0:0:0:0:0:1'),
	(583, '2024-07-01', '0:0:0:0:0:0:0:1'),
	(584, '2024-06-30', '0:0:0:0:0:0:0:1'),
	(585, '2024-06-29', '0:0:0:0:0:0:0:1'),
	(586, '2024-06-28', '0:0:0:0:0:0:0:1'),
	(587, '2024-06-27', '0:0:0:0:0:0:0:1'),
	(588, '2024-06-26', '0:0:0:0:0:0:0:1'),
	(589, '2024-07-03', '0:0:0:0:0:0:0:1'),
	(590, '2024-07-02', '0:0:0:0:0:0:0:1'),
	(591, '2024-07-01', '0:0:0:0:0:0:0:1'),
	(592, '2024-06-30', '0:0:0:0:0:0:0:1'),
	(593, '2024-06-29', '0:0:0:0:0:0:0:1'),
	(594, '2024-06-28', '0:0:0:0:0:0:0:1'),
	(595, '2024-06-27', '0:0:0:0:0:0:0:1'),
	(596, '2024-06-26', '0:0:0:0:0:0:0:1'),
	(597, '2024-07-03', '0:0:0:0:0:0:0:1'),
	(598, '2024-07-02', '0:0:0:0:0:0:0:1'),
	(599, '2024-07-01', '0:0:0:0:0:0:0:1'),
	(600, '2024-06-30', '0:0:0:0:0:0:0:1'),
	(601, '2024-06-29', '0:0:0:0:0:0:0:1'),
	(602, '2024-06-28', '0:0:0:0:0:0:0:1'),
	(603, '2024-06-27', '0:0:0:0:0:0:0:1'),
	(604, '2024-06-26', '0:0:0:0:0:0:0:1'),
	(605, '2024-07-03', '0:0:0:0:0:0:0:1'),
	(606, '2024-07-02', '0:0:0:0:0:0:0:1'),
	(607, '2024-07-01', '0:0:0:0:0:0:0:1'),
	(608, '2024-06-30', '0:0:0:0:0:0:0:1'),
	(609, '2024-06-29', '0:0:0:0:0:0:0:1'),
	(610, '2024-06-28', '0:0:0:0:0:0:0:1'),
	(611, '2024-06-27', '0:0:0:0:0:0:0:1'),
	(612, '2024-06-26', '0:0:0:0:0:0:0:1'),
	(613, '2024-07-03', '0:0:0:0:0:0:0:1'),
	(614, '2024-07-02', '0:0:0:0:0:0:0:1'),
	(615, '2024-07-01', '0:0:0:0:0:0:0:1'),
	(616, '2024-06-30', '0:0:0:0:0:0:0:1'),
	(617, '2024-06-29', '0:0:0:0:0:0:0:1'),
	(618, '2024-06-28', '0:0:0:0:0:0:0:1'),
	(619, '2024-06-27', '0:0:0:0:0:0:0:1'),
	(620, '2024-06-26', '0:0:0:0:0:0:0:1'),
	(621, '2024-07-03', '0:0:0:0:0:0:0:1'),
	(622, '2024-07-02', '0:0:0:0:0:0:0:1'),
	(623, '2024-07-01', '0:0:0:0:0:0:0:1'),
	(624, '2024-06-30', '0:0:0:0:0:0:0:1'),
	(625, '2024-06-29', '0:0:0:0:0:0:0:1'),
	(626, '2024-06-28', '0:0:0:0:0:0:0:1'),
	(627, '2024-06-27', '0:0:0:0:0:0:0:1'),
	(628, '2024-06-26', '0:0:0:0:0:0:0:1'),
	(629, '2024-07-03', '0:0:0:0:0:0:0:1'),
	(630, '2024-07-02', '0:0:0:0:0:0:0:1'),
	(631, '2024-07-01', '0:0:0:0:0:0:0:1'),
	(632, '2024-06-30', '0:0:0:0:0:0:0:1'),
	(633, '2024-06-29', '0:0:0:0:0:0:0:1'),
	(634, '2024-06-28', '0:0:0:0:0:0:0:1'),
	(635, '2024-06-27', '0:0:0:0:0:0:0:1'),
	(636, '2024-06-26', '0:0:0:0:0:0:0:1'),
	(637, '2024-07-03', '0:0:0:0:0:0:0:1'),
	(638, '2024-07-02', '0:0:0:0:0:0:0:1'),
	(639, '2024-07-01', '0:0:0:0:0:0:0:1'),
	(640, '2024-06-30', '0:0:0:0:0:0:0:1'),
	(641, '2024-06-29', '0:0:0:0:0:0:0:1'),
	(642, '2024-06-28', '0:0:0:0:0:0:0:1'),
	(643, '2024-06-27', '0:0:0:0:0:0:0:1'),
	(644, '2024-06-26', '0:0:0:0:0:0:0:1'),
	(645, '2024-07-03', '0:0:0:0:0:0:0:1'),
	(646, '2024-07-02', '0:0:0:0:0:0:0:1'),
	(647, '2024-07-01', '0:0:0:0:0:0:0:1'),
	(648, '2024-06-30', '0:0:0:0:0:0:0:1'),
	(649, '2024-06-29', '0:0:0:0:0:0:0:1'),
	(650, '2024-06-28', '0:0:0:0:0:0:0:1'),
	(651, '2024-06-27', '0:0:0:0:0:0:0:1'),
	(652, '2024-06-26', '0:0:0:0:0:0:0:1'),
	(653, '2024-07-03', '0:0:0:0:0:0:0:1'),
	(654, '2024-07-02', '0:0:0:0:0:0:0:1'),
	(655, '2024-07-01', '0:0:0:0:0:0:0:1'),
	(656, '2024-06-30', '0:0:0:0:0:0:0:1'),
	(657, '2024-06-29', '0:0:0:0:0:0:0:1'),
	(658, '2024-06-28', '0:0:0:0:0:0:0:1'),
	(659, '2024-06-27', '0:0:0:0:0:0:0:1'),
	(660, '2024-06-26', '0:0:0:0:0:0:0:1'),
	(661, '2024-07-03', '0:0:0:0:0:0:0:1'),
	(662, '2024-07-02', '0:0:0:0:0:0:0:1'),
	(663, '2024-07-01', '0:0:0:0:0:0:0:1'),
	(664, '2024-06-30', '0:0:0:0:0:0:0:1'),
	(665, '2024-06-29', '0:0:0:0:0:0:0:1'),
	(666, '2024-06-28', '0:0:0:0:0:0:0:1'),
	(667, '2024-06-27', '0:0:0:0:0:0:0:1'),
	(668, '2024-06-26', '0:0:0:0:0:0:0:1'),
	(669, '2024-07-03', '0:0:0:0:0:0:0:1'),
	(670, '2024-07-02', '0:0:0:0:0:0:0:1'),
	(671, '2024-07-01', '0:0:0:0:0:0:0:1'),
	(672, '2024-06-30', '0:0:0:0:0:0:0:1'),
	(673, '2024-06-29', '0:0:0:0:0:0:0:1'),
	(674, '2024-06-28', '0:0:0:0:0:0:0:1'),
	(675, '2024-06-27', '0:0:0:0:0:0:0:1'),
	(676, '2024-06-26', '0:0:0:0:0:0:0:1'),
	(677, '2024-07-03', '0:0:0:0:0:0:0:1'),
	(678, '2024-07-02', '0:0:0:0:0:0:0:1'),
	(679, '2024-07-01', '0:0:0:0:0:0:0:1'),
	(680, '2024-06-30', '0:0:0:0:0:0:0:1'),
	(681, '2024-06-29', '0:0:0:0:0:0:0:1'),
	(682, '2024-06-28', '0:0:0:0:0:0:0:1'),
	(683, '2024-06-27', '0:0:0:0:0:0:0:1'),
	(684, '2024-06-26', '0:0:0:0:0:0:0:1'),
	(685, '2024-07-03', '0:0:0:0:0:0:0:1'),
	(686, '2024-07-02', '0:0:0:0:0:0:0:1'),
	(687, '2024-07-01', '0:0:0:0:0:0:0:1'),
	(688, '2024-06-30', '0:0:0:0:0:0:0:1'),
	(689, '2024-06-29', '0:0:0:0:0:0:0:1'),
	(690, '2024-06-28', '0:0:0:0:0:0:0:1'),
	(691, '2024-06-27', '0:0:0:0:0:0:0:1'),
	(692, '2024-06-26', '0:0:0:0:0:0:0:1'),
	(693, '2024-07-03', '0:0:0:0:0:0:0:1'),
	(694, '2024-07-02', '0:0:0:0:0:0:0:1'),
	(695, '2024-07-01', '0:0:0:0:0:0:0:1'),
	(696, '2024-06-30', '0:0:0:0:0:0:0:1'),
	(697, '2024-06-29', '0:0:0:0:0:0:0:1'),
	(698, '2024-06-28', '0:0:0:0:0:0:0:1'),
	(699, '2024-06-27', '0:0:0:0:0:0:0:1'),
	(700, '2024-06-26', '0:0:0:0:0:0:0:1'),
	(701, '2024-07-03', '0:0:0:0:0:0:0:1'),
	(702, '2024-07-02', '0:0:0:0:0:0:0:1'),
	(703, '2024-07-01', '0:0:0:0:0:0:0:1'),
	(704, '2024-06-30', '0:0:0:0:0:0:0:1'),
	(705, '2024-06-29', '0:0:0:0:0:0:0:1'),
	(706, '2024-06-28', '0:0:0:0:0:0:0:1'),
	(707, '2024-06-27', '0:0:0:0:0:0:0:1'),
	(708, '2024-06-26', '0:0:0:0:0:0:0:1'),
	(709, '2024-07-03', '0:0:0:0:0:0:0:1'),
	(710, '2024-07-02', '0:0:0:0:0:0:0:1'),
	(711, '2024-07-01', '0:0:0:0:0:0:0:1'),
	(712, '2024-06-30', '0:0:0:0:0:0:0:1'),
	(713, '2024-06-29', '0:0:0:0:0:0:0:1'),
	(714, '2024-06-28', '0:0:0:0:0:0:0:1'),
	(715, '2024-06-27', '0:0:0:0:0:0:0:1'),
	(716, '2024-06-26', '0:0:0:0:0:0:0:1'),
	(717, '2024-07-03', '0:0:0:0:0:0:0:1'),
	(718, '2024-07-02', '0:0:0:0:0:0:0:1'),
	(719, '2024-07-01', '0:0:0:0:0:0:0:1'),
	(720, '2024-06-30', '0:0:0:0:0:0:0:1'),
	(721, '2024-06-29', '0:0:0:0:0:0:0:1'),
	(722, '2024-06-28', '0:0:0:0:0:0:0:1'),
	(723, '2024-06-27', '0:0:0:0:0:0:0:1'),
	(724, '2024-06-26', '0:0:0:0:0:0:0:1'),
	(725, '2024-07-03', '0:0:0:0:0:0:0:1'),
	(726, '2024-07-02', '0:0:0:0:0:0:0:1'),
	(727, '2024-07-01', '0:0:0:0:0:0:0:1'),
	(728, '2024-06-30', '0:0:0:0:0:0:0:1'),
	(729, '2024-06-29', '0:0:0:0:0:0:0:1'),
	(730, '2024-06-28', '0:0:0:0:0:0:0:1'),
	(731, '2024-06-27', '0:0:0:0:0:0:0:1'),
	(732, '2024-06-26', '0:0:0:0:0:0:0:1'),
	(733, '2024-07-03', '0:0:0:0:0:0:0:1'),
	(734, '2024-07-02', '0:0:0:0:0:0:0:1'),
	(735, '2024-07-01', '0:0:0:0:0:0:0:1'),
	(736, '2024-06-30', '0:0:0:0:0:0:0:1'),
	(737, '2024-06-29', '0:0:0:0:0:0:0:1'),
	(738, '2024-06-28', '0:0:0:0:0:0:0:1'),
	(739, '2024-06-27', '0:0:0:0:0:0:0:1'),
	(740, '2024-06-26', '0:0:0:0:0:0:0:1'),
	(741, '2024-07-03', '0:0:0:0:0:0:0:1'),
	(742, '2024-07-02', '0:0:0:0:0:0:0:1'),
	(743, '2024-07-01', '0:0:0:0:0:0:0:1'),
	(744, '2024-06-30', '0:0:0:0:0:0:0:1'),
	(745, '2024-06-29', '0:0:0:0:0:0:0:1'),
	(746, '2024-06-28', '0:0:0:0:0:0:0:1'),
	(747, '2024-06-27', '0:0:0:0:0:0:0:1'),
	(748, '2024-06-26', '0:0:0:0:0:0:0:1'),
	(749, '2024-07-03', '0:0:0:0:0:0:0:1'),
	(750, '2024-07-02', '0:0:0:0:0:0:0:1'),
	(751, '2024-07-01', '0:0:0:0:0:0:0:1'),
	(752, '2024-06-30', '0:0:0:0:0:0:0:1'),
	(753, '2024-06-29', '0:0:0:0:0:0:0:1'),
	(754, '2024-06-28', '0:0:0:0:0:0:0:1'),
	(755, '2024-06-27', '0:0:0:0:0:0:0:1'),
	(756, '2024-06-26', '0:0:0:0:0:0:0:1'),
	(757, '2024-07-03', '0:0:0:0:0:0:0:1'),
	(758, '2024-07-02', '0:0:0:0:0:0:0:1'),
	(759, '2024-07-01', '0:0:0:0:0:0:0:1'),
	(760, '2024-06-30', '0:0:0:0:0:0:0:1'),
	(761, '2024-06-29', '0:0:0:0:0:0:0:1'),
	(762, '2024-06-28', '0:0:0:0:0:0:0:1'),
	(763, '2024-06-27', '0:0:0:0:0:0:0:1'),
	(764, '2024-06-26', '0:0:0:0:0:0:0:1'),
	(765, '2024-07-03', '0:0:0:0:0:0:0:1'),
	(766, '2024-07-02', '0:0:0:0:0:0:0:1'),
	(767, '2024-07-01', '0:0:0:0:0:0:0:1'),
	(768, '2024-06-30', '0:0:0:0:0:0:0:1'),
	(769, '2024-06-29', '0:0:0:0:0:0:0:1'),
	(770, '2024-06-28', '0:0:0:0:0:0:0:1'),
	(771, '2024-06-27', '0:0:0:0:0:0:0:1'),
	(772, '2024-06-26', '0:0:0:0:0:0:0:1'),
	(773, '2024-07-03', '0:0:0:0:0:0:0:1'),
	(774, '2024-07-02', '0:0:0:0:0:0:0:1'),
	(775, '2024-07-01', '0:0:0:0:0:0:0:1'),
	(776, '2024-06-30', '0:0:0:0:0:0:0:1'),
	(777, '2024-06-29', '0:0:0:0:0:0:0:1'),
	(778, '2024-06-28', '0:0:0:0:0:0:0:1'),
	(779, '2024-06-27', '0:0:0:0:0:0:0:1'),
	(780, '2024-06-26', '0:0:0:0:0:0:0:1'),
	(781, '2024-07-03', '0:0:0:0:0:0:0:1'),
	(782, '2024-07-02', '0:0:0:0:0:0:0:1'),
	(783, '2024-07-01', '0:0:0:0:0:0:0:1'),
	(784, '2024-06-30', '0:0:0:0:0:0:0:1'),
	(785, '2024-06-29', '0:0:0:0:0:0:0:1'),
	(786, '2024-06-28', '0:0:0:0:0:0:0:1'),
	(787, '2024-06-27', '0:0:0:0:0:0:0:1'),
	(788, '2024-06-26', '0:0:0:0:0:0:0:1'),
	(789, '2024-07-03', '0:0:0:0:0:0:0:1'),
	(790, '2024-07-02', '0:0:0:0:0:0:0:1'),
	(791, '2024-07-01', '0:0:0:0:0:0:0:1'),
	(792, '2024-06-30', '0:0:0:0:0:0:0:1'),
	(793, '2024-06-29', '0:0:0:0:0:0:0:1'),
	(794, '2024-06-28', '0:0:0:0:0:0:0:1'),
	(795, '2024-06-27', '0:0:0:0:0:0:0:1'),
	(796, '2024-06-26', '0:0:0:0:0:0:0:1'),
	(797, '2024-07-03', '0:0:0:0:0:0:0:1'),
	(798, '2024-07-02', '0:0:0:0:0:0:0:1'),
	(799, '2024-07-01', '0:0:0:0:0:0:0:1'),
	(800, '2024-06-30', '0:0:0:0:0:0:0:1'),
	(801, '2024-06-29', '0:0:0:0:0:0:0:1'),
	(802, '2024-06-28', '0:0:0:0:0:0:0:1'),
	(803, '2024-06-27', '0:0:0:0:0:0:0:1'),
	(804, '2024-06-26', '0:0:0:0:0:0:0:1'),
	(805, '2024-07-03', '0:0:0:0:0:0:0:1'),
	(806, '2024-07-02', '0:0:0:0:0:0:0:1'),
	(807, '2024-07-01', '0:0:0:0:0:0:0:1'),
	(808, '2024-06-30', '0:0:0:0:0:0:0:1'),
	(809, '2024-06-29', '0:0:0:0:0:0:0:1'),
	(810, '2024-06-28', '0:0:0:0:0:0:0:1'),
	(811, '2024-06-27', '0:0:0:0:0:0:0:1'),
	(812, '2024-06-26', '0:0:0:0:0:0:0:1'),
	(813, '2024-07-03', '0:0:0:0:0:0:0:1'),
	(814, '2024-07-02', '0:0:0:0:0:0:0:1'),
	(815, '2024-07-01', '0:0:0:0:0:0:0:1'),
	(816, '2024-06-30', '0:0:0:0:0:0:0:1'),
	(817, '2024-06-29', '0:0:0:0:0:0:0:1'),
	(818, '2024-06-28', '0:0:0:0:0:0:0:1'),
	(819, '2024-06-27', '0:0:0:0:0:0:0:1'),
	(820, '2024-06-26', '0:0:0:0:0:0:0:1'),
	(821, '2024-07-03', '0:0:0:0:0:0:0:1'),
	(822, '2024-07-02', '0:0:0:0:0:0:0:1'),
	(823, '2024-07-01', '0:0:0:0:0:0:0:1'),
	(824, '2024-06-30', '0:0:0:0:0:0:0:1'),
	(825, '2024-06-29', '0:0:0:0:0:0:0:1'),
	(826, '2024-06-28', '0:0:0:0:0:0:0:1'),
	(827, '2024-06-27', '0:0:0:0:0:0:0:1'),
	(828, '2024-06-26', '0:0:0:0:0:0:0:1'),
	(829, '2024-07-03', '0:0:0:0:0:0:0:1'),
	(830, '2024-07-02', '0:0:0:0:0:0:0:1'),
	(831, '2024-07-01', '0:0:0:0:0:0:0:1'),
	(832, '2024-06-30', '0:0:0:0:0:0:0:1'),
	(833, '2024-06-29', '0:0:0:0:0:0:0:1'),
	(834, '2024-06-28', '0:0:0:0:0:0:0:1'),
	(835, '2024-06-27', '0:0:0:0:0:0:0:1'),
	(836, '2024-06-26', '0:0:0:0:0:0:0:1'),
	(837, '2024-07-03', '0:0:0:0:0:0:0:1'),
	(838, '2024-07-02', '0:0:0:0:0:0:0:1'),
	(839, '2024-07-01', '0:0:0:0:0:0:0:1'),
	(840, '2024-06-30', '0:0:0:0:0:0:0:1'),
	(841, '2024-06-29', '0:0:0:0:0:0:0:1'),
	(842, '2024-06-28', '0:0:0:0:0:0:0:1'),
	(843, '2024-06-27', '0:0:0:0:0:0:0:1'),
	(844, '2024-06-26', '0:0:0:0:0:0:0:1'),
	(845, '2024-07-03', '0:0:0:0:0:0:0:1'),
	(846, '2024-07-02', '0:0:0:0:0:0:0:1'),
	(847, '2024-07-01', '0:0:0:0:0:0:0:1'),
	(848, '2024-06-30', '0:0:0:0:0:0:0:1'),
	(849, '2024-06-29', '0:0:0:0:0:0:0:1'),
	(850, '2024-06-28', '0:0:0:0:0:0:0:1'),
	(851, '2024-06-27', '0:0:0:0:0:0:0:1'),
	(852, '2024-06-26', '0:0:0:0:0:0:0:1'),
	(853, '2024-07-03', '0:0:0:0:0:0:0:1'),
	(854, '2024-07-02', '0:0:0:0:0:0:0:1'),
	(855, '2024-07-01', '0:0:0:0:0:0:0:1'),
	(856, '2024-06-30', '0:0:0:0:0:0:0:1'),
	(857, '2024-06-29', '0:0:0:0:0:0:0:1'),
	(858, '2024-06-28', '0:0:0:0:0:0:0:1'),
	(859, '2024-06-27', '0:0:0:0:0:0:0:1'),
	(860, '2024-06-26', '0:0:0:0:0:0:0:1'),
	(861, '2024-07-03', '0:0:0:0:0:0:0:1'),
	(862, '2024-07-02', '0:0:0:0:0:0:0:1'),
	(863, '2024-07-01', '0:0:0:0:0:0:0:1'),
	(864, '2024-06-30', '0:0:0:0:0:0:0:1'),
	(865, '2024-06-29', '0:0:0:0:0:0:0:1'),
	(866, '2024-06-28', '0:0:0:0:0:0:0:1'),
	(867, '2024-06-27', '0:0:0:0:0:0:0:1'),
	(868, '2024-06-26', '0:0:0:0:0:0:0:1'),
	(869, '2024-07-03', '0:0:0:0:0:0:0:1'),
	(870, '2024-07-02', '0:0:0:0:0:0:0:1'),
	(871, '2024-07-01', '0:0:0:0:0:0:0:1'),
	(872, '2024-06-30', '0:0:0:0:0:0:0:1'),
	(873, '2024-06-29', '0:0:0:0:0:0:0:1'),
	(874, '2024-06-28', '0:0:0:0:0:0:0:1'),
	(875, '2024-06-27', '0:0:0:0:0:0:0:1'),
	(876, '2024-06-26', '0:0:0:0:0:0:0:1'),
	(877, '2024-07-03', '0:0:0:0:0:0:0:1'),
	(878, '2024-07-02', '0:0:0:0:0:0:0:1'),
	(879, '2024-07-01', '0:0:0:0:0:0:0:1'),
	(880, '2024-06-30', '0:0:0:0:0:0:0:1'),
	(881, '2024-06-29', '0:0:0:0:0:0:0:1'),
	(882, '2024-06-28', '0:0:0:0:0:0:0:1'),
	(883, '2024-06-27', '0:0:0:0:0:0:0:1'),
	(884, '2024-06-26', '0:0:0:0:0:0:0:1'),
	(885, '2024-07-03', '0:0:0:0:0:0:0:1'),
	(886, '2024-07-02', '0:0:0:0:0:0:0:1'),
	(887, '2024-07-01', '0:0:0:0:0:0:0:1'),
	(888, '2024-06-30', '0:0:0:0:0:0:0:1'),
	(889, '2024-06-29', '0:0:0:0:0:0:0:1'),
	(890, '2024-06-28', '0:0:0:0:0:0:0:1'),
	(891, '2024-06-27', '0:0:0:0:0:0:0:1'),
	(892, '2024-06-26', '0:0:0:0:0:0:0:1'),
	(893, '2024-07-03', '0:0:0:0:0:0:0:1'),
	(894, '2024-07-02', '0:0:0:0:0:0:0:1'),
	(895, '2024-07-01', '0:0:0:0:0:0:0:1'),
	(896, '2024-06-30', '0:0:0:0:0:0:0:1'),
	(897, '2024-06-29', '0:0:0:0:0:0:0:1'),
	(898, '2024-06-28', '0:0:0:0:0:0:0:1'),
	(899, '2024-06-27', '0:0:0:0:0:0:0:1'),
	(900, '2024-06-26', '0:0:0:0:0:0:0:1'),
	(901, '2024-07-03', '0:0:0:0:0:0:0:1'),
	(902, '2024-07-02', '0:0:0:0:0:0:0:1'),
	(903, '2024-07-01', '0:0:0:0:0:0:0:1'),
	(904, '2024-06-30', '0:0:0:0:0:0:0:1'),
	(905, '2024-06-29', '0:0:0:0:0:0:0:1'),
	(906, '2024-06-28', '0:0:0:0:0:0:0:1'),
	(907, '2024-06-27', '0:0:0:0:0:0:0:1'),
	(908, '2024-06-26', '0:0:0:0:0:0:0:1'),
	(909, '2024-07-03', '0:0:0:0:0:0:0:1'),
	(910, '2024-07-02', '0:0:0:0:0:0:0:1'),
	(911, '2024-07-01', '0:0:0:0:0:0:0:1'),
	(912, '2024-06-30', '0:0:0:0:0:0:0:1'),
	(913, '2024-06-29', '0:0:0:0:0:0:0:1'),
	(914, '2024-06-28', '0:0:0:0:0:0:0:1'),
	(915, '2024-06-27', '0:0:0:0:0:0:0:1'),
	(916, '2024-06-26', '0:0:0:0:0:0:0:1'),
	(917, '2024-07-03', '0:0:0:0:0:0:0:1'),
	(918, '2024-07-02', '0:0:0:0:0:0:0:1'),
	(919, '2024-07-01', '0:0:0:0:0:0:0:1'),
	(920, '2024-06-30', '0:0:0:0:0:0:0:1'),
	(921, '2024-06-29', '0:0:0:0:0:0:0:1'),
	(922, '2024-06-28', '0:0:0:0:0:0:0:1'),
	(923, '2024-06-27', '0:0:0:0:0:0:0:1'),
	(924, '2024-06-26', '0:0:0:0:0:0:0:1'),
	(925, '2024-07-03', '0:0:0:0:0:0:0:1'),
	(926, '2024-07-02', '0:0:0:0:0:0:0:1'),
	(927, '2024-07-01', '0:0:0:0:0:0:0:1'),
	(928, '2024-06-30', '0:0:0:0:0:0:0:1'),
	(929, '2024-06-29', '0:0:0:0:0:0:0:1'),
	(930, '2024-06-28', '0:0:0:0:0:0:0:1'),
	(931, '2024-06-27', '0:0:0:0:0:0:0:1'),
	(932, '2024-06-26', '0:0:0:0:0:0:0:1'),
	(933, '2024-07-03', '0:0:0:0:0:0:0:1'),
	(934, '2024-07-02', '0:0:0:0:0:0:0:1'),
	(935, '2024-07-01', '0:0:0:0:0:0:0:1'),
	(936, '2024-06-30', '0:0:0:0:0:0:0:1'),
	(937, '2024-06-29', '0:0:0:0:0:0:0:1'),
	(938, '2024-06-28', '0:0:0:0:0:0:0:1'),
	(939, '2024-06-27', '0:0:0:0:0:0:0:1'),
	(940, '2024-06-26', '0:0:0:0:0:0:0:1'),
	(941, '2024-07-03', '0:0:0:0:0:0:0:1'),
	(942, '2024-07-02', '0:0:0:0:0:0:0:1'),
	(943, '2024-07-01', '0:0:0:0:0:0:0:1'),
	(944, '2024-06-30', '0:0:0:0:0:0:0:1'),
	(945, '2024-06-29', '0:0:0:0:0:0:0:1'),
	(946, '2024-06-28', '0:0:0:0:0:0:0:1'),
	(947, '2024-06-27', '0:0:0:0:0:0:0:1'),
	(948, '2024-06-26', '0:0:0:0:0:0:0:1'),
	(949, '2024-07-03', '0:0:0:0:0:0:0:1'),
	(950, '2024-07-02', '0:0:0:0:0:0:0:1'),
	(951, '2024-07-01', '0:0:0:0:0:0:0:1'),
	(952, '2024-06-30', '0:0:0:0:0:0:0:1'),
	(953, '2024-06-29', '0:0:0:0:0:0:0:1'),
	(954, '2024-06-28', '0:0:0:0:0:0:0:1'),
	(955, '2024-06-27', '0:0:0:0:0:0:0:1'),
	(956, '2024-06-26', '0:0:0:0:0:0:0:1'),
	(957, '2024-07-03', '0:0:0:0:0:0:0:1'),
	(958, '2024-07-02', '0:0:0:0:0:0:0:1'),
	(959, '2024-07-01', '0:0:0:0:0:0:0:1'),
	(960, '2024-06-30', '0:0:0:0:0:0:0:1'),
	(961, '2024-06-29', '0:0:0:0:0:0:0:1'),
	(962, '2024-06-28', '0:0:0:0:0:0:0:1'),
	(963, '2024-06-27', '0:0:0:0:0:0:0:1'),
	(964, '2024-06-26', '0:0:0:0:0:0:0:1'),
	(965, '2024-07-03', '0:0:0:0:0:0:0:1'),
	(966, '2024-07-02', '0:0:0:0:0:0:0:1'),
	(967, '2024-07-01', '0:0:0:0:0:0:0:1'),
	(968, '2024-06-30', '0:0:0:0:0:0:0:1'),
	(969, '2024-06-29', '0:0:0:0:0:0:0:1'),
	(970, '2024-06-28', '0:0:0:0:0:0:0:1'),
	(971, '2024-06-27', '0:0:0:0:0:0:0:1'),
	(972, '2024-06-26', '0:0:0:0:0:0:0:1'),
	(973, '2024-07-03', '0:0:0:0:0:0:0:1'),
	(974, '2024-07-02', '0:0:0:0:0:0:0:1'),
	(975, '2024-07-01', '0:0:0:0:0:0:0:1'),
	(976, '2024-06-30', '0:0:0:0:0:0:0:1'),
	(977, '2024-06-29', '0:0:0:0:0:0:0:1'),
	(978, '2024-06-28', '0:0:0:0:0:0:0:1'),
	(979, '2024-06-27', '0:0:0:0:0:0:0:1'),
	(980, '2024-06-26', '0:0:0:0:0:0:0:1'),
	(981, '2024-07-03', '0:0:0:0:0:0:0:1'),
	(982, '2024-07-02', '0:0:0:0:0:0:0:1'),
	(983, '2024-07-01', '0:0:0:0:0:0:0:1'),
	(984, '2024-06-30', '0:0:0:0:0:0:0:1'),
	(985, '2024-06-29', '0:0:0:0:0:0:0:1'),
	(986, '2024-06-28', '0:0:0:0:0:0:0:1'),
	(987, '2024-06-27', '0:0:0:0:0:0:0:1'),
	(988, '2024-06-26', '0:0:0:0:0:0:0:1'),
	(989, '2024-07-03', '0:0:0:0:0:0:0:1'),
	(990, '2024-07-02', '0:0:0:0:0:0:0:1'),
	(991, '2024-07-01', '0:0:0:0:0:0:0:1'),
	(992, '2024-06-30', '0:0:0:0:0:0:0:1'),
	(993, '2024-06-29', '0:0:0:0:0:0:0:1'),
	(994, '2024-06-28', '0:0:0:0:0:0:0:1'),
	(995, '2024-06-27', '0:0:0:0:0:0:0:1'),
	(996, '2024-06-26', '0:0:0:0:0:0:0:1'),
	(997, '2024-07-03', '0:0:0:0:0:0:0:1'),
	(998, '2024-07-02', '0:0:0:0:0:0:0:1'),
	(999, '2024-07-01', '0:0:0:0:0:0:0:1'),
	(1000, '2024-06-30', '0:0:0:0:0:0:0:1'),
	(1001, '2024-06-29', '0:0:0:0:0:0:0:1'),
	(1002, '2024-06-28', '0:0:0:0:0:0:0:1'),
	(1003, '2024-06-27', '0:0:0:0:0:0:0:1'),
	(1004, '2024-06-26', '0:0:0:0:0:0:0:1'),
	(1005, '2024-07-03', '0:0:0:0:0:0:0:1'),
	(1006, '2024-07-02', '0:0:0:0:0:0:0:1'),
	(1007, '2024-07-01', '0:0:0:0:0:0:0:1'),
	(1008, '2024-06-30', '0:0:0:0:0:0:0:1'),
	(1009, '2024-06-29', '0:0:0:0:0:0:0:1'),
	(1010, '2024-06-28', '0:0:0:0:0:0:0:1'),
	(1011, '2024-06-27', '0:0:0:0:0:0:0:1'),
	(1012, '2024-06-26', '0:0:0:0:0:0:0:1'),
	(1013, '2024-07-03', '0:0:0:0:0:0:0:1'),
	(1014, '2024-07-02', '0:0:0:0:0:0:0:1'),
	(1015, '2024-07-01', '0:0:0:0:0:0:0:1'),
	(1016, '2024-06-30', '0:0:0:0:0:0:0:1'),
	(1017, '2024-06-29', '0:0:0:0:0:0:0:1'),
	(1018, '2024-06-28', '0:0:0:0:0:0:0:1'),
	(1019, '2024-06-27', '0:0:0:0:0:0:0:1'),
	(1020, '2024-06-26', '0:0:0:0:0:0:0:1'),
	(1021, '2024-07-03', '0:0:0:0:0:0:0:1'),
	(1022, '2024-07-02', '0:0:0:0:0:0:0:1'),
	(1023, '2024-07-01', '0:0:0:0:0:0:0:1'),
	(1024, '2024-06-30', '0:0:0:0:0:0:0:1'),
	(1025, '2024-06-29', '0:0:0:0:0:0:0:1'),
	(1026, '2024-06-28', '0:0:0:0:0:0:0:1'),
	(1027, '2024-06-27', '0:0:0:0:0:0:0:1'),
	(1028, '2024-06-26', '0:0:0:0:0:0:0:1'),
	(1029, '2024-07-03', '0:0:0:0:0:0:0:1'),
	(1030, '2024-07-02', '0:0:0:0:0:0:0:1'),
	(1031, '2024-07-01', '0:0:0:0:0:0:0:1'),
	(1032, '2024-06-30', '0:0:0:0:0:0:0:1'),
	(1033, '2024-06-29', '0:0:0:0:0:0:0:1'),
	(1034, '2024-06-28', '0:0:0:0:0:0:0:1'),
	(1035, '2024-06-27', '0:0:0:0:0:0:0:1'),
	(1036, '2024-06-26', '0:0:0:0:0:0:0:1'),
	(1037, '2024-07-03', '0:0:0:0:0:0:0:1'),
	(1038, '2024-07-02', '0:0:0:0:0:0:0:1'),
	(1039, '2024-07-01', '0:0:0:0:0:0:0:1'),
	(1040, '2024-06-30', '0:0:0:0:0:0:0:1'),
	(1041, '2024-06-29', '0:0:0:0:0:0:0:1'),
	(1042, '2024-06-28', '0:0:0:0:0:0:0:1'),
	(1043, '2024-06-27', '0:0:0:0:0:0:0:1'),
	(1044, '2024-06-26', '0:0:0:0:0:0:0:1'),
	(1045, '2024-07-03', '0:0:0:0:0:0:0:1'),
	(1046, '2024-07-02', '0:0:0:0:0:0:0:1'),
	(1047, '2024-07-01', '0:0:0:0:0:0:0:1'),
	(1048, '2024-06-30', '0:0:0:0:0:0:0:1'),
	(1049, '2024-06-29', '0:0:0:0:0:0:0:1'),
	(1050, '2024-06-28', '0:0:0:0:0:0:0:1'),
	(1051, '2024-06-27', '0:0:0:0:0:0:0:1'),
	(1052, '2024-06-26', '0:0:0:0:0:0:0:1'),
	(1053, '2024-07-03', '0:0:0:0:0:0:0:1'),
	(1054, '2024-07-02', '0:0:0:0:0:0:0:1'),
	(1055, '2024-07-01', '0:0:0:0:0:0:0:1'),
	(1056, '2024-06-30', '0:0:0:0:0:0:0:1'),
	(1057, '2024-06-29', '0:0:0:0:0:0:0:1'),
	(1058, '2024-06-28', '0:0:0:0:0:0:0:1'),
	(1059, '2024-06-27', '0:0:0:0:0:0:0:1'),
	(1060, '2024-06-26', '0:0:0:0:0:0:0:1'),
	(1061, '2024-07-03', '0:0:0:0:0:0:0:1'),
	(1062, '2024-07-02', '0:0:0:0:0:0:0:1'),
	(1063, '2024-07-01', '0:0:0:0:0:0:0:1'),
	(1064, '2024-06-30', '0:0:0:0:0:0:0:1'),
	(1065, '2024-06-29', '0:0:0:0:0:0:0:1'),
	(1066, '2024-06-28', '0:0:0:0:0:0:0:1'),
	(1067, '2024-06-27', '0:0:0:0:0:0:0:1'),
	(1068, '2024-06-26', '0:0:0:0:0:0:0:1'),
	(1069, '2024-07-03', '0:0:0:0:0:0:0:1'),
	(1070, '2024-07-02', '0:0:0:0:0:0:0:1'),
	(1071, '2024-07-01', '0:0:0:0:0:0:0:1'),
	(1072, '2024-06-30', '0:0:0:0:0:0:0:1'),
	(1073, '2024-06-29', '0:0:0:0:0:0:0:1'),
	(1074, '2024-06-28', '0:0:0:0:0:0:0:1'),
	(1075, '2024-06-27', '0:0:0:0:0:0:0:1'),
	(1076, '2024-06-26', '0:0:0:0:0:0:0:1'),
	(1077, '2024-07-03', '0:0:0:0:0:0:0:1'),
	(1078, '2024-07-02', '0:0:0:0:0:0:0:1'),
	(1079, '2024-07-01', '0:0:0:0:0:0:0:1'),
	(1080, '2024-06-30', '0:0:0:0:0:0:0:1'),
	(1081, '2024-06-29', '0:0:0:0:0:0:0:1'),
	(1082, '2024-06-28', '0:0:0:0:0:0:0:1'),
	(1083, '2024-06-27', '0:0:0:0:0:0:0:1'),
	(1084, '2024-06-26', '0:0:0:0:0:0:0:1'),
	(1085, '2024-07-03', '0:0:0:0:0:0:0:1'),
	(1086, '2024-07-02', '0:0:0:0:0:0:0:1'),
	(1087, '2024-07-01', '0:0:0:0:0:0:0:1'),
	(1088, '2024-06-30', '0:0:0:0:0:0:0:1'),
	(1089, '2024-06-29', '0:0:0:0:0:0:0:1'),
	(1090, '2024-06-28', '0:0:0:0:0:0:0:1'),
	(1091, '2024-06-27', '0:0:0:0:0:0:0:1'),
	(1092, '2024-06-26', '0:0:0:0:0:0:0:1'),
	(1093, '2024-07-03', '0:0:0:0:0:0:0:1'),
	(1094, '2024-07-02', '0:0:0:0:0:0:0:1'),
	(1095, '2024-07-01', '0:0:0:0:0:0:0:1'),
	(1096, '2024-06-30', '0:0:0:0:0:0:0:1'),
	(1097, '2024-06-29', '0:0:0:0:0:0:0:1'),
	(1098, '2024-06-28', '0:0:0:0:0:0:0:1'),
	(1099, '2024-06-27', '0:0:0:0:0:0:0:1'),
	(1100, '2024-06-26', '0:0:0:0:0:0:0:1'),
	(1101, '2024-07-03', '0:0:0:0:0:0:0:1'),
	(1102, '2024-07-02', '0:0:0:0:0:0:0:1'),
	(1103, '2024-07-01', '0:0:0:0:0:0:0:1'),
	(1104, '2024-06-30', '0:0:0:0:0:0:0:1'),
	(1105, '2024-06-29', '0:0:0:0:0:0:0:1'),
	(1106, '2024-06-28', '0:0:0:0:0:0:0:1'),
	(1107, '2024-06-27', '0:0:0:0:0:0:0:1'),
	(1108, '2024-06-26', '0:0:0:0:0:0:0:1'),
	(1109, '2024-07-03', '0:0:0:0:0:0:0:1'),
	(1110, '2024-07-02', '0:0:0:0:0:0:0:1'),
	(1111, '2024-07-01', '0:0:0:0:0:0:0:1'),
	(1112, '2024-06-30', '0:0:0:0:0:0:0:1'),
	(1113, '2024-06-29', '0:0:0:0:0:0:0:1'),
	(1114, '2024-06-28', '0:0:0:0:0:0:0:1'),
	(1115, '2024-06-27', '0:0:0:0:0:0:0:1'),
	(1116, '2024-06-26', '0:0:0:0:0:0:0:1'),
	(1117, '2024-07-03', '0:0:0:0:0:0:0:1'),
	(1118, '2024-07-02', '0:0:0:0:0:0:0:1'),
	(1119, '2024-07-01', '0:0:0:0:0:0:0:1'),
	(1120, '2024-06-30', '0:0:0:0:0:0:0:1'),
	(1121, '2024-06-29', '0:0:0:0:0:0:0:1'),
	(1122, '2024-06-28', '0:0:0:0:0:0:0:1'),
	(1123, '2024-06-27', '0:0:0:0:0:0:0:1'),
	(1124, '2024-06-26', '0:0:0:0:0:0:0:1'),
	(1125, '2024-07-03', '0:0:0:0:0:0:0:1'),
	(1126, '2024-07-02', '0:0:0:0:0:0:0:1'),
	(1127, '2024-07-01', '0:0:0:0:0:0:0:1'),
	(1128, '2024-06-30', '0:0:0:0:0:0:0:1'),
	(1129, '2024-06-29', '0:0:0:0:0:0:0:1'),
	(1130, '2024-06-28', '0:0:0:0:0:0:0:1'),
	(1131, '2024-06-27', '0:0:0:0:0:0:0:1'),
	(1132, '2024-06-26', '0:0:0:0:0:0:0:1'),
	(1133, '2024-07-03', '0:0:0:0:0:0:0:1'),
	(1134, '2024-07-02', '0:0:0:0:0:0:0:1'),
	(1135, '2024-07-01', '0:0:0:0:0:0:0:1'),
	(1136, '2024-06-30', '0:0:0:0:0:0:0:1'),
	(1137, '2024-06-29', '0:0:0:0:0:0:0:1'),
	(1138, '2024-06-28', '0:0:0:0:0:0:0:1'),
	(1139, '2024-06-27', '0:0:0:0:0:0:0:1'),
	(1140, '2024-06-26', '0:0:0:0:0:0:0:1'),
	(1141, '2024-07-03', '0:0:0:0:0:0:0:1'),
	(1142, '2024-07-02', '0:0:0:0:0:0:0:1'),
	(1143, '2024-07-01', '0:0:0:0:0:0:0:1'),
	(1144, '2024-06-30', '0:0:0:0:0:0:0:1'),
	(1145, '2024-06-29', '0:0:0:0:0:0:0:1'),
	(1146, '2024-06-28', '0:0:0:0:0:0:0:1'),
	(1147, '2024-06-27', '0:0:0:0:0:0:0:1'),
	(1148, '2024-06-26', '0:0:0:0:0:0:0:1'),
	(1149, '2024-07-03', '0:0:0:0:0:0:0:1'),
	(1150, '2024-07-02', '0:0:0:0:0:0:0:1'),
	(1151, '2024-07-01', '0:0:0:0:0:0:0:1'),
	(1152, '2024-06-30', '0:0:0:0:0:0:0:1'),
	(1153, '2024-06-29', '0:0:0:0:0:0:0:1'),
	(1154, '2024-06-28', '0:0:0:0:0:0:0:1'),
	(1155, '2024-06-27', '0:0:0:0:0:0:0:1'),
	(1156, '2024-06-26', '0:0:0:0:0:0:0:1'),
	(1157, '2024-07-03', '0:0:0:0:0:0:0:1'),
	(1158, '2024-07-02', '0:0:0:0:0:0:0:1'),
	(1159, '2024-07-01', '0:0:0:0:0:0:0:1'),
	(1160, '2024-06-30', '0:0:0:0:0:0:0:1'),
	(1161, '2024-06-29', '0:0:0:0:0:0:0:1'),
	(1162, '2024-06-28', '0:0:0:0:0:0:0:1'),
	(1163, '2024-06-27', '0:0:0:0:0:0:0:1'),
	(1164, '2024-06-26', '0:0:0:0:0:0:0:1'),
	(1165, '2024-07-03', '0:0:0:0:0:0:0:1'),
	(1166, '2024-07-02', '0:0:0:0:0:0:0:1'),
	(1167, '2024-07-01', '0:0:0:0:0:0:0:1'),
	(1168, '2024-06-30', '0:0:0:0:0:0:0:1'),
	(1169, '2024-06-29', '0:0:0:0:0:0:0:1'),
	(1170, '2024-06-28', '0:0:0:0:0:0:0:1'),
	(1171, '2024-06-27', '0:0:0:0:0:0:0:1'),
	(1172, '2024-06-26', '0:0:0:0:0:0:0:1'),
	(1173, '2024-07-03', '0:0:0:0:0:0:0:1'),
	(1174, '2024-07-02', '0:0:0:0:0:0:0:1'),
	(1175, '2024-07-01', '0:0:0:0:0:0:0:1'),
	(1176, '2024-06-30', '0:0:0:0:0:0:0:1'),
	(1177, '2024-06-29', '0:0:0:0:0:0:0:1'),
	(1178, '2024-06-28', '0:0:0:0:0:0:0:1'),
	(1179, '2024-06-27', '0:0:0:0:0:0:0:1'),
	(1180, '2024-06-26', '0:0:0:0:0:0:0:1'),
	(1181, '2024-07-03', '0:0:0:0:0:0:0:1'),
	(1182, '2024-07-02', '0:0:0:0:0:0:0:1'),
	(1183, '2024-07-01', '0:0:0:0:0:0:0:1'),
	(1184, '2024-06-30', '0:0:0:0:0:0:0:1'),
	(1185, '2024-06-29', '0:0:0:0:0:0:0:1'),
	(1186, '2024-06-28', '0:0:0:0:0:0:0:1'),
	(1187, '2024-06-27', '0:0:0:0:0:0:0:1'),
	(1188, '2024-06-26', '0:0:0:0:0:0:0:1'),
	(1189, '2024-07-03', '0:0:0:0:0:0:0:1'),
	(1190, '2024-07-02', '0:0:0:0:0:0:0:1'),
	(1191, '2024-07-01', '0:0:0:0:0:0:0:1'),
	(1192, '2024-06-30', '0:0:0:0:0:0:0:1'),
	(1193, '2024-06-29', '0:0:0:0:0:0:0:1'),
	(1194, '2024-06-28', '0:0:0:0:0:0:0:1'),
	(1195, '2024-06-27', '0:0:0:0:0:0:0:1'),
	(1196, '2024-06-26', '0:0:0:0:0:0:0:1'),
	(1197, '2024-07-03', '0:0:0:0:0:0:0:1'),
	(1198, '2024-07-02', '0:0:0:0:0:0:0:1'),
	(1199, '2024-07-01', '0:0:0:0:0:0:0:1'),
	(1200, '2024-06-30', '0:0:0:0:0:0:0:1'),
	(1201, '2024-06-29', '0:0:0:0:0:0:0:1'),
	(1202, '2024-06-28', '0:0:0:0:0:0:0:1'),
	(1203, '2024-06-27', '0:0:0:0:0:0:0:1'),
	(1204, '2024-06-26', '0:0:0:0:0:0:0:1'),
	(1205, '2024-07-03', '0:0:0:0:0:0:0:1'),
	(1206, '2024-07-02', '0:0:0:0:0:0:0:1'),
	(1207, '2024-07-01', '0:0:0:0:0:0:0:1'),
	(1208, '2024-06-30', '0:0:0:0:0:0:0:1'),
	(1209, '2024-06-29', '0:0:0:0:0:0:0:1'),
	(1210, '2024-06-28', '0:0:0:0:0:0:0:1'),
	(1211, '2024-06-27', '0:0:0:0:0:0:0:1'),
	(1212, '2024-06-26', '0:0:0:0:0:0:0:1'),
	(1213, '2024-07-03', '0:0:0:0:0:0:0:1'),
	(1214, '2024-07-02', '0:0:0:0:0:0:0:1'),
	(1215, '2024-07-01', '0:0:0:0:0:0:0:1'),
	(1216, '2024-06-30', '0:0:0:0:0:0:0:1'),
	(1217, '2024-06-29', '0:0:0:0:0:0:0:1'),
	(1218, '2024-06-28', '0:0:0:0:0:0:0:1'),
	(1219, '2024-06-27', '0:0:0:0:0:0:0:1'),
	(1220, '2024-06-26', '0:0:0:0:0:0:0:1'),
	(1221, '2024-07-03', '0:0:0:0:0:0:0:1'),
	(1222, '2024-07-02', '0:0:0:0:0:0:0:1'),
	(1223, '2024-07-01', '0:0:0:0:0:0:0:1'),
	(1224, '2024-06-30', '0:0:0:0:0:0:0:1'),
	(1225, '2024-06-29', '0:0:0:0:0:0:0:1'),
	(1226, '2024-06-28', '0:0:0:0:0:0:0:1'),
	(1227, '2024-06-27', '0:0:0:0:0:0:0:1'),
	(1228, '2024-06-26', '0:0:0:0:0:0:0:1'),
	(1229, '2024-07-03', '0:0:0:0:0:0:0:1'),
	(1230, '2024-07-02', '0:0:0:0:0:0:0:1'),
	(1231, '2024-07-01', '0:0:0:0:0:0:0:1'),
	(1232, '2024-06-30', '0:0:0:0:0:0:0:1'),
	(1233, '2024-06-29', '0:0:0:0:0:0:0:1'),
	(1234, '2024-06-28', '0:0:0:0:0:0:0:1'),
	(1235, '2024-06-27', '0:0:0:0:0:0:0:1'),
	(1236, '2024-06-26', '0:0:0:0:0:0:0:1'),
	(1237, '2024-07-03', '0:0:0:0:0:0:0:1'),
	(1238, '2024-07-02', '0:0:0:0:0:0:0:1'),
	(1239, '2024-07-01', '0:0:0:0:0:0:0:1'),
	(1240, '2024-06-30', '0:0:0:0:0:0:0:1'),
	(1241, '2024-06-29', '0:0:0:0:0:0:0:1'),
	(1242, '2024-06-28', '0:0:0:0:0:0:0:1'),
	(1243, '2024-06-27', '0:0:0:0:0:0:0:1'),
	(1244, '2024-06-26', '0:0:0:0:0:0:0:1'),
	(1245, '2024-07-03', '0:0:0:0:0:0:0:1'),
	(1246, '2024-07-02', '0:0:0:0:0:0:0:1'),
	(1247, '2024-07-01', '0:0:0:0:0:0:0:1'),
	(1248, '2024-06-30', '0:0:0:0:0:0:0:1'),
	(1249, '2024-06-29', '0:0:0:0:0:0:0:1'),
	(1250, '2024-06-28', '0:0:0:0:0:0:0:1'),
	(1251, '2024-06-27', '0:0:0:0:0:0:0:1'),
	(1252, '2024-06-26', '0:0:0:0:0:0:0:1'),
	(1253, '2024-07-03', '0:0:0:0:0:0:0:1'),
	(1254, '2024-07-02', '0:0:0:0:0:0:0:1'),
	(1255, '2024-07-01', '0:0:0:0:0:0:0:1'),
	(1256, '2024-06-30', '0:0:0:0:0:0:0:1'),
	(1257, '2024-06-29', '0:0:0:0:0:0:0:1'),
	(1258, '2024-06-28', '0:0:0:0:0:0:0:1'),
	(1259, '2024-06-27', '0:0:0:0:0:0:0:1'),
	(1260, '2024-06-26', '0:0:0:0:0:0:0:1'),
	(1261, '2024-07-03', '0:0:0:0:0:0:0:1'),
	(1262, '2024-07-02', '0:0:0:0:0:0:0:1'),
	(1263, '2024-07-01', '0:0:0:0:0:0:0:1'),
	(1264, '2024-06-30', '0:0:0:0:0:0:0:1'),
	(1265, '2024-06-29', '0:0:0:0:0:0:0:1'),
	(1266, '2024-06-28', '0:0:0:0:0:0:0:1'),
	(1267, '2024-06-27', '0:0:0:0:0:0:0:1'),
	(1268, '2024-06-26', '0:0:0:0:0:0:0:1'),
	(1269, '2024-07-03', '0:0:0:0:0:0:0:1'),
	(1270, '2024-07-02', '0:0:0:0:0:0:0:1'),
	(1271, '2024-07-01', '0:0:0:0:0:0:0:1'),
	(1272, '2024-06-30', '0:0:0:0:0:0:0:1'),
	(1273, '2024-06-29', '0:0:0:0:0:0:0:1'),
	(1274, '2024-06-28', '0:0:0:0:0:0:0:1'),
	(1275, '2024-06-27', '0:0:0:0:0:0:0:1'),
	(1276, '2024-06-26', '0:0:0:0:0:0:0:1'),
	(1277, '2024-07-03', '0:0:0:0:0:0:0:1'),
	(1278, '2024-07-02', '0:0:0:0:0:0:0:1'),
	(1279, '2024-07-01', '0:0:0:0:0:0:0:1'),
	(1280, '2024-06-30', '0:0:0:0:0:0:0:1'),
	(1281, '2024-06-29', '0:0:0:0:0:0:0:1'),
	(1282, '2024-06-28', '0:0:0:0:0:0:0:1'),
	(1283, '2024-06-27', '0:0:0:0:0:0:0:1'),
	(1284, '2024-06-26', '0:0:0:0:0:0:0:1'),
	(1285, '2024-07-03', '0:0:0:0:0:0:0:1'),
	(1286, '2024-07-02', '0:0:0:0:0:0:0:1'),
	(1287, '2024-07-01', '0:0:0:0:0:0:0:1'),
	(1288, '2024-06-30', '0:0:0:0:0:0:0:1'),
	(1289, '2024-06-29', '0:0:0:0:0:0:0:1'),
	(1290, '2024-06-28', '0:0:0:0:0:0:0:1'),
	(1291, '2024-06-27', '0:0:0:0:0:0:0:1'),
	(1292, '2024-06-26', '0:0:0:0:0:0:0:1'),
	(1293, '2024-07-03', '0:0:0:0:0:0:0:1'),
	(1294, '2024-07-02', '0:0:0:0:0:0:0:1'),
	(1295, '2024-07-01', '0:0:0:0:0:0:0:1'),
	(1296, '2024-06-30', '0:0:0:0:0:0:0:1'),
	(1297, '2024-06-29', '0:0:0:0:0:0:0:1'),
	(1298, '2024-06-28', '0:0:0:0:0:0:0:1'),
	(1299, '2024-06-27', '0:0:0:0:0:0:0:1'),
	(1300, '2024-06-26', '0:0:0:0:0:0:0:1'),
	(1301, '2024-07-03', '0:0:0:0:0:0:0:1'),
	(1302, '2024-07-02', '0:0:0:0:0:0:0:1'),
	(1303, '2024-07-01', '0:0:0:0:0:0:0:1'),
	(1304, '2024-06-30', '0:0:0:0:0:0:0:1'),
	(1305, '2024-06-29', '0:0:0:0:0:0:0:1'),
	(1306, '2024-06-28', '0:0:0:0:0:0:0:1'),
	(1307, '2024-06-27', '0:0:0:0:0:0:0:1'),
	(1308, '2024-06-26', '0:0:0:0:0:0:0:1'),
	(1309, '2024-07-03', '0:0:0:0:0:0:0:1'),
	(1310, '2024-07-02', '0:0:0:0:0:0:0:1'),
	(1311, '2024-07-01', '0:0:0:0:0:0:0:1'),
	(1312, '2024-06-30', '0:0:0:0:0:0:0:1'),
	(1313, '2024-06-29', '0:0:0:0:0:0:0:1'),
	(1314, '2024-06-28', '0:0:0:0:0:0:0:1'),
	(1315, '2024-06-27', '0:0:0:0:0:0:0:1'),
	(1316, '2024-06-26', '0:0:0:0:0:0:0:1'),
	(1317, '2024-07-03', '0:0:0:0:0:0:0:1'),
	(1318, '2024-07-02', '0:0:0:0:0:0:0:1'),
	(1319, '2024-07-01', '0:0:0:0:0:0:0:1'),
	(1320, '2024-06-30', '0:0:0:0:0:0:0:1'),
	(1321, '2024-06-29', '0:0:0:0:0:0:0:1'),
	(1322, '2024-06-28', '0:0:0:0:0:0:0:1'),
	(1323, '2024-06-27', '0:0:0:0:0:0:0:1'),
	(1324, '2024-06-26', '0:0:0:0:0:0:0:1'),
	(1325, '2024-07-03', '0:0:0:0:0:0:0:1'),
	(1326, '2024-07-02', '0:0:0:0:0:0:0:1'),
	(1327, '2024-07-01', '0:0:0:0:0:0:0:1'),
	(1328, '2024-06-30', '0:0:0:0:0:0:0:1'),
	(1329, '2024-06-29', '0:0:0:0:0:0:0:1'),
	(1330, '2024-06-28', '0:0:0:0:0:0:0:1'),
	(1331, '2024-06-27', '0:0:0:0:0:0:0:1'),
	(1332, '2024-06-26', '0:0:0:0:0:0:0:1'),
	(1333, '2024-07-03', '0:0:0:0:0:0:0:1'),
	(1334, '2024-07-02', '0:0:0:0:0:0:0:1'),
	(1335, '2024-07-01', '0:0:0:0:0:0:0:1'),
	(1336, '2024-06-30', '0:0:0:0:0:0:0:1'),
	(1337, '2024-06-29', '0:0:0:0:0:0:0:1'),
	(1338, '2024-06-28', '0:0:0:0:0:0:0:1'),
	(1339, '2024-06-27', '0:0:0:0:0:0:0:1'),
	(1340, '2024-06-26', '0:0:0:0:0:0:0:1'),
	(1341, '2024-07-03', '0:0:0:0:0:0:0:1'),
	(1342, '2024-07-02', '0:0:0:0:0:0:0:1'),
	(1343, '2024-07-01', '0:0:0:0:0:0:0:1'),
	(1344, '2024-06-30', '0:0:0:0:0:0:0:1'),
	(1345, '2024-06-29', '0:0:0:0:0:0:0:1'),
	(1346, '2024-06-28', '0:0:0:0:0:0:0:1'),
	(1347, '2024-06-27', '0:0:0:0:0:0:0:1'),
	(1348, '2024-06-26', '0:0:0:0:0:0:0:1'),
	(1349, '2024-07-03', '0:0:0:0:0:0:0:1'),
	(1350, '2024-07-02', '0:0:0:0:0:0:0:1'),
	(1351, '2024-07-01', '0:0:0:0:0:0:0:1'),
	(1352, '2024-06-30', '0:0:0:0:0:0:0:1'),
	(1353, '2024-06-29', '0:0:0:0:0:0:0:1'),
	(1354, '2024-06-28', '0:0:0:0:0:0:0:1'),
	(1355, '2024-06-27', '0:0:0:0:0:0:0:1'),
	(1356, '2024-06-26', '0:0:0:0:0:0:0:1'),
	(1357, '2024-07-03', '0:0:0:0:0:0:0:1'),
	(1358, '2024-07-02', '0:0:0:0:0:0:0:1'),
	(1359, '2024-07-01', '0:0:0:0:0:0:0:1'),
	(1360, '2024-06-30', '0:0:0:0:0:0:0:1'),
	(1361, '2024-06-29', '0:0:0:0:0:0:0:1'),
	(1362, '2024-06-28', '0:0:0:0:0:0:0:1'),
	(1363, '2024-06-27', '0:0:0:0:0:0:0:1'),
	(1364, '2024-06-26', '0:0:0:0:0:0:0:1'),
	(1365, '2024-07-03', '0:0:0:0:0:0:0:1'),
	(1366, '2024-07-02', '0:0:0:0:0:0:0:1'),
	(1367, '2024-07-01', '0:0:0:0:0:0:0:1'),
	(1368, '2024-06-30', '0:0:0:0:0:0:0:1'),
	(1369, '2024-06-29', '0:0:0:0:0:0:0:1'),
	(1370, '2024-06-28', '0:0:0:0:0:0:0:1'),
	(1371, '2024-06-27', '0:0:0:0:0:0:0:1'),
	(1372, '2024-06-26', '0:0:0:0:0:0:0:1'),
	(1373, '2024-07-03', '0:0:0:0:0:0:0:1'),
	(1374, '2024-07-02', '0:0:0:0:0:0:0:1'),
	(1375, '2024-07-01', '0:0:0:0:0:0:0:1'),
	(1376, '2024-06-30', '0:0:0:0:0:0:0:1'),
	(1377, '2024-06-29', '0:0:0:0:0:0:0:1'),
	(1378, '2024-06-28', '0:0:0:0:0:0:0:1'),
	(1379, '2024-06-27', '0:0:0:0:0:0:0:1'),
	(1380, '2024-06-26', '0:0:0:0:0:0:0:1'),
	(1381, '2024-07-03', '0:0:0:0:0:0:0:1'),
	(1382, '2024-07-02', '0:0:0:0:0:0:0:1'),
	(1383, '2024-07-01', '0:0:0:0:0:0:0:1'),
	(1384, '2024-06-30', '0:0:0:0:0:0:0:1'),
	(1385, '2024-06-29', '0:0:0:0:0:0:0:1'),
	(1386, '2024-06-28', '0:0:0:0:0:0:0:1'),
	(1387, '2024-06-27', '0:0:0:0:0:0:0:1'),
	(1388, '2024-06-26', '0:0:0:0:0:0:0:1'),
	(1389, '2024-07-03', '0:0:0:0:0:0:0:1'),
	(1390, '2024-07-02', '0:0:0:0:0:0:0:1'),
	(1391, '2024-07-01', '0:0:0:0:0:0:0:1'),
	(1392, '2024-06-30', '0:0:0:0:0:0:0:1'),
	(1393, '2024-06-29', '0:0:0:0:0:0:0:1'),
	(1394, '2024-06-28', '0:0:0:0:0:0:0:1'),
	(1395, '2024-06-27', '0:0:0:0:0:0:0:1'),
	(1396, '2024-06-26', '0:0:0:0:0:0:0:1'),
	(1397, '2024-07-03', '0:0:0:0:0:0:0:1'),
	(1398, '2024-07-02', '0:0:0:0:0:0:0:1'),
	(1399, '2024-07-01', '0:0:0:0:0:0:0:1'),
	(1400, '2024-06-30', '0:0:0:0:0:0:0:1'),
	(1401, '2024-06-29', '0:0:0:0:0:0:0:1'),
	(1402, '2024-06-28', '0:0:0:0:0:0:0:1'),
	(1403, '2024-06-27', '0:0:0:0:0:0:0:1'),
	(1404, '2024-06-26', '0:0:0:0:0:0:0:1'),
	(1405, '2024-07-03', '0:0:0:0:0:0:0:1'),
	(1406, '2024-07-02', '0:0:0:0:0:0:0:1'),
	(1407, '2024-07-01', '0:0:0:0:0:0:0:1'),
	(1408, '2024-06-30', '0:0:0:0:0:0:0:1'),
	(1409, '2024-06-29', '0:0:0:0:0:0:0:1'),
	(1410, '2024-06-28', '0:0:0:0:0:0:0:1'),
	(1411, '2024-06-27', '0:0:0:0:0:0:0:1'),
	(1412, '2024-06-26', '0:0:0:0:0:0:0:1'),
	(1413, '2024-07-03', '0:0:0:0:0:0:0:1'),
	(1414, '2024-07-02', '0:0:0:0:0:0:0:1'),
	(1415, '2024-07-01', '0:0:0:0:0:0:0:1'),
	(1416, '2024-06-30', '0:0:0:0:0:0:0:1'),
	(1417, '2024-06-29', '0:0:0:0:0:0:0:1'),
	(1418, '2024-06-28', '0:0:0:0:0:0:0:1'),
	(1419, '2024-06-27', '0:0:0:0:0:0:0:1'),
	(1420, '2024-06-26', '0:0:0:0:0:0:0:1'),
	(1421, '2024-07-03', '0:0:0:0:0:0:0:1'),
	(1422, '2024-07-02', '0:0:0:0:0:0:0:1'),
	(1423, '2024-07-01', '0:0:0:0:0:0:0:1'),
	(1424, '2024-06-30', '0:0:0:0:0:0:0:1'),
	(1425, '2024-06-29', '0:0:0:0:0:0:0:1'),
	(1426, '2024-06-28', '0:0:0:0:0:0:0:1'),
	(1427, '2024-06-27', '0:0:0:0:0:0:0:1'),
	(1428, '2024-06-26', '0:0:0:0:0:0:0:1'),
	(1429, '2024-07-03', '0:0:0:0:0:0:0:1'),
	(1430, '2024-07-02', '0:0:0:0:0:0:0:1'),
	(1431, '2024-07-01', '0:0:0:0:0:0:0:1'),
	(1432, '2024-06-30', '0:0:0:0:0:0:0:1'),
	(1433, '2024-06-29', '0:0:0:0:0:0:0:1'),
	(1434, '2024-06-28', '0:0:0:0:0:0:0:1'),
	(1435, '2024-06-27', '0:0:0:0:0:0:0:1'),
	(1436, '2024-06-26', '0:0:0:0:0:0:0:1'),
	(1437, '2024-07-03', '0:0:0:0:0:0:0:1'),
	(1438, '2024-07-02', '0:0:0:0:0:0:0:1'),
	(1439, '2024-07-01', '0:0:0:0:0:0:0:1'),
	(1440, '2024-06-30', '0:0:0:0:0:0:0:1'),
	(1441, '2024-06-29', '0:0:0:0:0:0:0:1'),
	(1442, '2024-06-28', '0:0:0:0:0:0:0:1'),
	(1443, '2024-06-27', '0:0:0:0:0:0:0:1'),
	(1444, '2024-06-26', '0:0:0:0:0:0:0:1'),
	(1445, '2024-07-03', '0:0:0:0:0:0:0:1'),
	(1446, '2024-07-02', '0:0:0:0:0:0:0:1'),
	(1447, '2024-07-01', '0:0:0:0:0:0:0:1'),
	(1448, '2024-06-30', '0:0:0:0:0:0:0:1'),
	(1449, '2024-06-29', '0:0:0:0:0:0:0:1'),
	(1450, '2024-06-28', '0:0:0:0:0:0:0:1'),
	(1451, '2024-06-27', '0:0:0:0:0:0:0:1'),
	(1452, '2024-06-26', '0:0:0:0:0:0:0:1'),
	(1453, '2024-07-03', '0:0:0:0:0:0:0:1'),
	(1454, '2024-07-02', '0:0:0:0:0:0:0:1'),
	(1455, '2024-07-01', '0:0:0:0:0:0:0:1'),
	(1456, '2024-06-30', '0:0:0:0:0:0:0:1'),
	(1457, '2024-06-29', '0:0:0:0:0:0:0:1'),
	(1458, '2024-06-28', '0:0:0:0:0:0:0:1'),
	(1459, '2024-06-27', '0:0:0:0:0:0:0:1'),
	(1460, '2024-06-26', '0:0:0:0:0:0:0:1'),
	(1461, '2024-07-03', '0:0:0:0:0:0:0:1'),
	(1462, '2024-07-02', '0:0:0:0:0:0:0:1'),
	(1463, '2024-07-01', '0:0:0:0:0:0:0:1'),
	(1464, '2024-06-30', '0:0:0:0:0:0:0:1'),
	(1465, '2024-06-29', '0:0:0:0:0:0:0:1'),
	(1466, '2024-06-28', '0:0:0:0:0:0:0:1'),
	(1467, '2024-06-27', '0:0:0:0:0:0:0:1'),
	(1468, '2024-06-26', '0:0:0:0:0:0:0:1'),
	(1469, '2024-07-03', '0:0:0:0:0:0:0:1'),
	(1470, '2024-07-02', '0:0:0:0:0:0:0:1'),
	(1471, '2024-07-01', '0:0:0:0:0:0:0:1'),
	(1472, '2024-06-30', '0:0:0:0:0:0:0:1'),
	(1473, '2024-06-29', '0:0:0:0:0:0:0:1'),
	(1474, '2024-06-28', '0:0:0:0:0:0:0:1'),
	(1475, '2024-06-27', '0:0:0:0:0:0:0:1'),
	(1476, '2024-06-26', '0:0:0:0:0:0:0:1'),
	(1477, '2024-07-03', '0:0:0:0:0:0:0:1'),
	(1478, '2024-07-02', '0:0:0:0:0:0:0:1'),
	(1479, '2024-07-01', '0:0:0:0:0:0:0:1'),
	(1480, '2024-06-30', '0:0:0:0:0:0:0:1'),
	(1481, '2024-06-29', '0:0:0:0:0:0:0:1'),
	(1482, '2024-06-28', '0:0:0:0:0:0:0:1'),
	(1483, '2024-06-27', '0:0:0:0:0:0:0:1'),
	(1484, '2024-06-26', '0:0:0:0:0:0:0:1'),
	(1485, '2024-07-03', '0:0:0:0:0:0:0:1'),
	(1486, '2024-07-02', '0:0:0:0:0:0:0:1'),
	(1487, '2024-07-01', '0:0:0:0:0:0:0:1'),
	(1488, '2024-06-30', '0:0:0:0:0:0:0:1'),
	(1489, '2024-06-29', '0:0:0:0:0:0:0:1'),
	(1490, '2024-06-28', '0:0:0:0:0:0:0:1'),
	(1491, '2024-06-27', '0:0:0:0:0:0:0:1'),
	(1492, '2024-06-26', '0:0:0:0:0:0:0:1'),
	(1493, '2024-07-03', '0:0:0:0:0:0:0:1'),
	(1494, '2024-07-02', '0:0:0:0:0:0:0:1'),
	(1495, '2024-07-01', '0:0:0:0:0:0:0:1'),
	(1496, '2024-06-30', '0:0:0:0:0:0:0:1'),
	(1497, '2024-06-29', '0:0:0:0:0:0:0:1'),
	(1498, '2024-06-28', '0:0:0:0:0:0:0:1'),
	(1499, '2024-06-27', '0:0:0:0:0:0:0:1'),
	(1500, '2024-06-26', '0:0:0:0:0:0:0:1'),
	(1501, '2024-07-03', '0:0:0:0:0:0:0:1'),
	(1502, '2024-07-02', '0:0:0:0:0:0:0:1'),
	(1503, '2024-07-01', '0:0:0:0:0:0:0:1'),
	(1504, '2024-06-30', '0:0:0:0:0:0:0:1'),
	(1505, '2024-06-29', '0:0:0:0:0:0:0:1'),
	(1506, '2024-06-28', '0:0:0:0:0:0:0:1'),
	(1507, '2024-06-27', '0:0:0:0:0:0:0:1'),
	(1508, '2024-06-26', '0:0:0:0:0:0:0:1'),
	(1509, '2024-07-03', '0:0:0:0:0:0:0:1'),
	(1510, '2024-07-02', '0:0:0:0:0:0:0:1'),
	(1511, '2024-07-01', '0:0:0:0:0:0:0:1'),
	(1512, '2024-06-30', '0:0:0:0:0:0:0:1'),
	(1513, '2024-06-29', '0:0:0:0:0:0:0:1'),
	(1514, '2024-06-28', '0:0:0:0:0:0:0:1'),
	(1515, '2024-06-27', '0:0:0:0:0:0:0:1'),
	(1516, '2024-06-26', '0:0:0:0:0:0:0:1'),
	(1517, '2024-07-03', '0:0:0:0:0:0:0:1'),
	(1518, '2024-07-02', '0:0:0:0:0:0:0:1'),
	(1519, '2024-07-01', '0:0:0:0:0:0:0:1'),
	(1520, '2024-06-30', '0:0:0:0:0:0:0:1'),
	(1521, '2024-06-29', '0:0:0:0:0:0:0:1'),
	(1522, '2024-06-28', '0:0:0:0:0:0:0:1'),
	(1523, '2024-06-27', '0:0:0:0:0:0:0:1'),
	(1524, '2024-06-26', '0:0:0:0:0:0:0:1'),
	(1525, '2024-07-03', '0:0:0:0:0:0:0:1'),
	(1526, '2024-07-02', '0:0:0:0:0:0:0:1'),
	(1527, '2024-07-01', '0:0:0:0:0:0:0:1'),
	(1528, '2024-06-30', '0:0:0:0:0:0:0:1'),
	(1529, '2024-06-29', '0:0:0:0:0:0:0:1'),
	(1530, '2024-06-28', '0:0:0:0:0:0:0:1'),
	(1531, '2024-06-27', '0:0:0:0:0:0:0:1'),
	(1532, '2024-06-26', '0:0:0:0:0:0:0:1'),
	(1533, '2024-07-03', '0:0:0:0:0:0:0:1'),
	(1534, '2024-07-02', '0:0:0:0:0:0:0:1'),
	(1535, '2024-07-01', '0:0:0:0:0:0:0:1'),
	(1536, '2024-06-30', '0:0:0:0:0:0:0:1'),
	(1537, '2024-06-29', '0:0:0:0:0:0:0:1'),
	(1538, '2024-06-28', '0:0:0:0:0:0:0:1'),
	(1539, '2024-06-27', '0:0:0:0:0:0:0:1'),
	(1540, '2024-06-26', '0:0:0:0:0:0:0:1'),
	(1541, '2024-07-03', '0:0:0:0:0:0:0:1'),
	(1542, '2024-07-02', '0:0:0:0:0:0:0:1'),
	(1543, '2024-07-01', '0:0:0:0:0:0:0:1'),
	(1544, '2024-06-30', '0:0:0:0:0:0:0:1'),
	(1545, '2024-06-29', '0:0:0:0:0:0:0:1'),
	(1546, '2024-06-28', '0:0:0:0:0:0:0:1'),
	(1547, '2024-06-27', '0:0:0:0:0:0:0:1'),
	(1548, '2024-06-26', '0:0:0:0:0:0:0:1'),
	(1549, '2024-07-03', '0:0:0:0:0:0:0:1'),
	(1550, '2024-07-02', '0:0:0:0:0:0:0:1'),
	(1551, '2024-07-01', '0:0:0:0:0:0:0:1'),
	(1552, '2024-06-30', '0:0:0:0:0:0:0:1'),
	(1553, '2024-06-29', '0:0:0:0:0:0:0:1'),
	(1554, '2024-06-28', '0:0:0:0:0:0:0:1'),
	(1555, '2024-06-27', '0:0:0:0:0:0:0:1'),
	(1556, '2024-06-26', '0:0:0:0:0:0:0:1'),
	(1557, '2024-07-03', '0:0:0:0:0:0:0:1'),
	(1558, '2024-07-02', '0:0:0:0:0:0:0:1'),
	(1559, '2024-07-01', '0:0:0:0:0:0:0:1'),
	(1560, '2024-06-30', '0:0:0:0:0:0:0:1'),
	(1561, '2024-06-29', '0:0:0:0:0:0:0:1'),
	(1562, '2024-06-28', '0:0:0:0:0:0:0:1'),
	(1563, '2024-06-27', '0:0:0:0:0:0:0:1'),
	(1564, '2024-06-26', '0:0:0:0:0:0:0:1'),
	(1565, '2024-07-03', '0:0:0:0:0:0:0:1'),
	(1566, '2024-07-02', '0:0:0:0:0:0:0:1'),
	(1567, '2024-07-01', '0:0:0:0:0:0:0:1'),
	(1568, '2024-06-30', '0:0:0:0:0:0:0:1'),
	(1569, '2024-06-29', '0:0:0:0:0:0:0:1'),
	(1570, '2024-06-28', '0:0:0:0:0:0:0:1'),
	(1571, '2024-06-27', '0:0:0:0:0:0:0:1'),
	(1572, '2024-06-26', '0:0:0:0:0:0:0:1'),
	(1573, '2024-07-03', '0:0:0:0:0:0:0:1'),
	(1574, '2024-07-02', '0:0:0:0:0:0:0:1'),
	(1575, '2024-07-01', '0:0:0:0:0:0:0:1'),
	(1576, '2024-06-30', '0:0:0:0:0:0:0:1'),
	(1577, '2024-06-29', '0:0:0:0:0:0:0:1'),
	(1578, '2024-06-28', '0:0:0:0:0:0:0:1'),
	(1579, '2024-06-27', '0:0:0:0:0:0:0:1'),
	(1580, '2024-06-26', '0:0:0:0:0:0:0:1'),
	(1581, '2024-07-03', '0:0:0:0:0:0:0:1'),
	(1582, '2024-07-02', '0:0:0:0:0:0:0:1'),
	(1583, '2024-07-01', '0:0:0:0:0:0:0:1'),
	(1584, '2024-06-30', '0:0:0:0:0:0:0:1'),
	(1585, '2024-06-29', '0:0:0:0:0:0:0:1'),
	(1586, '2024-06-28', '0:0:0:0:0:0:0:1'),
	(1587, '2024-06-27', '0:0:0:0:0:0:0:1'),
	(1588, '2024-06-26', '0:0:0:0:0:0:0:1'),
	(1589, '2024-07-03', '0:0:0:0:0:0:0:1'),
	(1590, '2024-07-02', '0:0:0:0:0:0:0:1'),
	(1591, '2024-07-01', '0:0:0:0:0:0:0:1'),
	(1592, '2024-06-30', '0:0:0:0:0:0:0:1'),
	(1593, '2024-06-29', '0:0:0:0:0:0:0:1'),
	(1594, '2024-06-28', '0:0:0:0:0:0:0:1'),
	(1595, '2024-06-27', '0:0:0:0:0:0:0:1'),
	(1596, '2024-06-26', '0:0:0:0:0:0:0:1'),
	(1597, '2024-07-03', '0:0:0:0:0:0:0:1'),
	(1598, '2024-07-02', '0:0:0:0:0:0:0:1'),
	(1599, '2024-07-01', '0:0:0:0:0:0:0:1'),
	(1600, '2024-06-30', '0:0:0:0:0:0:0:1'),
	(1601, '2024-06-29', '0:0:0:0:0:0:0:1'),
	(1602, '2024-06-28', '0:0:0:0:0:0:0:1'),
	(1603, '2024-06-27', '0:0:0:0:0:0:0:1'),
	(1604, '2024-06-26', '0:0:0:0:0:0:0:1'),
	(1605, '2024-07-03', '0:0:0:0:0:0:0:1'),
	(1606, '2024-07-02', '0:0:0:0:0:0:0:1'),
	(1607, '2024-07-01', '0:0:0:0:0:0:0:1'),
	(1608, '2024-06-30', '0:0:0:0:0:0:0:1'),
	(1609, '2024-06-29', '0:0:0:0:0:0:0:1'),
	(1610, '2024-06-28', '0:0:0:0:0:0:0:1'),
	(1611, '2024-06-27', '0:0:0:0:0:0:0:1'),
	(1612, '2024-06-26', '0:0:0:0:0:0:0:1'),
	(1613, '2024-07-03', '0:0:0:0:0:0:0:1'),
	(1614, '2024-07-02', '0:0:0:0:0:0:0:1'),
	(1615, '2024-07-01', '0:0:0:0:0:0:0:1'),
	(1616, '2024-06-30', '0:0:0:0:0:0:0:1'),
	(1617, '2024-06-29', '0:0:0:0:0:0:0:1'),
	(1618, '2024-06-28', '0:0:0:0:0:0:0:1'),
	(1619, '2024-06-27', '0:0:0:0:0:0:0:1'),
	(1620, '2024-06-26', '0:0:0:0:0:0:0:1'),
	(1621, '2024-07-03', '0:0:0:0:0:0:0:1'),
	(1622, '2024-07-02', '0:0:0:0:0:0:0:1'),
	(1623, '2024-07-01', '0:0:0:0:0:0:0:1'),
	(1624, '2024-06-30', '0:0:0:0:0:0:0:1'),
	(1625, '2024-06-29', '0:0:0:0:0:0:0:1'),
	(1626, '2024-06-28', '0:0:0:0:0:0:0:1'),
	(1627, '2024-06-27', '0:0:0:0:0:0:0:1'),
	(1628, '2024-06-26', '0:0:0:0:0:0:0:1'),
	(1629, '2024-07-03', '0:0:0:0:0:0:0:1'),
	(1630, '2024-07-02', '0:0:0:0:0:0:0:1'),
	(1631, '2024-07-01', '0:0:0:0:0:0:0:1'),
	(1632, '2024-06-30', '0:0:0:0:0:0:0:1'),
	(1633, '2024-06-29', '0:0:0:0:0:0:0:1'),
	(1634, '2024-06-28', '0:0:0:0:0:0:0:1'),
	(1635, '2024-06-27', '0:0:0:0:0:0:0:1'),
	(1636, '2024-06-26', '0:0:0:0:0:0:0:1'),
	(1637, '2024-07-03', '0:0:0:0:0:0:0:1'),
	(1638, '2024-07-02', '0:0:0:0:0:0:0:1'),
	(1639, '2024-07-01', '0:0:0:0:0:0:0:1'),
	(1640, '2024-06-30', '0:0:0:0:0:0:0:1'),
	(1641, '2024-06-29', '0:0:0:0:0:0:0:1'),
	(1642, '2024-06-28', '0:0:0:0:0:0:0:1'),
	(1643, '2024-06-27', '0:0:0:0:0:0:0:1'),
	(1644, '2024-06-26', '0:0:0:0:0:0:0:1'),
	(1645, '2024-07-03', '0:0:0:0:0:0:0:1'),
	(1646, '2024-07-02', '0:0:0:0:0:0:0:1'),
	(1647, '2024-07-01', '0:0:0:0:0:0:0:1'),
	(1648, '2024-06-30', '0:0:0:0:0:0:0:1'),
	(1649, '2024-06-29', '0:0:0:0:0:0:0:1'),
	(1650, '2024-06-28', '0:0:0:0:0:0:0:1'),
	(1651, '2024-06-27', '0:0:0:0:0:0:0:1'),
	(1652, '2024-06-26', '0:0:0:0:0:0:0:1'),
	(1653, '2024-07-03', '0:0:0:0:0:0:0:1'),
	(1654, '2024-07-02', '0:0:0:0:0:0:0:1'),
	(1655, '2024-07-01', '0:0:0:0:0:0:0:1'),
	(1656, '2024-06-30', '0:0:0:0:0:0:0:1'),
	(1657, '2024-06-29', '0:0:0:0:0:0:0:1'),
	(1658, '2024-06-28', '0:0:0:0:0:0:0:1'),
	(1659, '2024-06-27', '0:0:0:0:0:0:0:1'),
	(1660, '2024-06-26', '0:0:0:0:0:0:0:1'),
	(1661, '2024-07-03', '0:0:0:0:0:0:0:1'),
	(1662, '2024-07-02', '0:0:0:0:0:0:0:1'),
	(1663, '2024-07-01', '0:0:0:0:0:0:0:1'),
	(1664, '2024-06-30', '0:0:0:0:0:0:0:1'),
	(1665, '2024-06-29', '0:0:0:0:0:0:0:1'),
	(1666, '2024-06-28', '0:0:0:0:0:0:0:1'),
	(1667, '2024-06-27', '0:0:0:0:0:0:0:1'),
	(1668, '2024-06-26', '0:0:0:0:0:0:0:1'),
	(1669, '2024-07-03', '0:0:0:0:0:0:0:1'),
	(1670, '2024-07-02', '0:0:0:0:0:0:0:1'),
	(1671, '2024-07-01', '0:0:0:0:0:0:0:1'),
	(1672, '2024-06-30', '0:0:0:0:0:0:0:1'),
	(1673, '2024-06-29', '0:0:0:0:0:0:0:1'),
	(1674, '2024-06-28', '0:0:0:0:0:0:0:1'),
	(1675, '2024-06-27', '0:0:0:0:0:0:0:1'),
	(1676, '2024-06-26', '0:0:0:0:0:0:0:1'),
	(1677, '2024-07-03', '0:0:0:0:0:0:0:1'),
	(1678, '2024-07-02', '0:0:0:0:0:0:0:1'),
	(1679, '2024-07-01', '0:0:0:0:0:0:0:1'),
	(1680, '2024-06-30', '0:0:0:0:0:0:0:1'),
	(1681, '2024-06-29', '0:0:0:0:0:0:0:1'),
	(1682, '2024-06-28', '0:0:0:0:0:0:0:1'),
	(1683, '2024-06-27', '0:0:0:0:0:0:0:1'),
	(1684, '2024-06-26', '0:0:0:0:0:0:0:1'),
	(1685, '2024-07-03', '0:0:0:0:0:0:0:1'),
	(1686, '2024-07-02', '0:0:0:0:0:0:0:1'),
	(1687, '2024-07-01', '0:0:0:0:0:0:0:1'),
	(1688, '2024-06-30', '0:0:0:0:0:0:0:1'),
	(1689, '2024-06-29', '0:0:0:0:0:0:0:1'),
	(1690, '2024-06-28', '0:0:0:0:0:0:0:1'),
	(1691, '2024-06-27', '0:0:0:0:0:0:0:1'),
	(1692, '2024-06-26', '0:0:0:0:0:0:0:1'),
	(1693, '2024-07-03', '0:0:0:0:0:0:0:1'),
	(1694, '2024-07-02', '0:0:0:0:0:0:0:1'),
	(1695, '2024-07-01', '0:0:0:0:0:0:0:1'),
	(1696, '2024-06-30', '0:0:0:0:0:0:0:1'),
	(1697, '2024-06-29', '0:0:0:0:0:0:0:1'),
	(1698, '2024-06-28', '0:0:0:0:0:0:0:1'),
	(1699, '2024-06-27', '0:0:0:0:0:0:0:1'),
	(1700, '2024-06-26', '0:0:0:0:0:0:0:1'),
	(1701, '2024-07-04', '0:0:0:0:0:0:0:1'),
	(1702, '2024-07-04', '0:0:0:0:0:0:0:1'),
	(1703, '2024-07-04', '0:0:0:0:0:0:0:1'),
	(1704, '2024-07-04', '0:0:0:0:0:0:0:1'),
	(1705, '2024-07-04', '0:0:0:0:0:0:0:1'),
	(1706, '2024-07-04', '0:0:0:0:0:0:0:1'),
	(1707, '2024-07-04', '0:0:0:0:0:0:0:1'),
	(1708, '2024-07-04', '0:0:0:0:0:0:0:1'),
	(1709, '2024-07-04', '0:0:0:0:0:0:0:1'),
	(1710, '2024-07-04', '0:0:0:0:0:0:0:1'),
	(1711, '2024-07-04', '0:0:0:0:0:0:0:1'),
	(1712, '2024-07-04', '0:0:0:0:0:0:0:1'),
	(1713, '2024-07-04', '0:0:0:0:0:0:0:1'),
	(1714, '2024-07-04', '0:0:0:0:0:0:0:1'),
	(1715, '2024-07-04', '0:0:0:0:0:0:0:1'),
	(1716, '2024-07-04', '0:0:0:0:0:0:0:1'),
	(1717, '2024-07-05', '127.0.0.1'),
	(1718, '2024-07-05', '0:0:0:0:0:0:0:1'),
	(1719, '2024-07-05', '0:0:0:0:0:0:0:1'),
	(1720, '2024-07-05', '0:0:0:0:0:0:0:1'),
	(1721, '2024-07-05', '0:0:0:0:0:0:0:1'),
	(1722, '2024-07-05', '0:0:0:0:0:0:0:1'),
	(1723, '2024-07-05', '0:0:0:0:0:0:0:1'),
	(1724, '2024-07-05', '0:0:0:0:0:0:0:1'),
	(1725, '2024-07-05', '0:0:0:0:0:0:0:1'),
	(1726, '2024-07-05', '0:0:0:0:0:0:0:1'),
	(1727, '2024-07-05', '0:0:0:0:0:0:0:1'),
	(1728, '2024-07-05', '0:0:0:0:0:0:0:1'),
	(1729, '2024-07-05', '0:0:0:0:0:0:0:1'),
	(1730, '2024-07-05', '0:0:0:0:0:0:0:1'),
	(1731, '2024-07-05', '0:0:0:0:0:0:0:1'),
	(1732, '2024-07-05', '0:0:0:0:0:0:0:1'),
	(1733, '2024-07-05', '0:0:0:0:0:0:0:1'),
	(1734, '2024-07-05', '0:0:0:0:0:0:0:1'),
	(1735, '2024-07-05', '127.0.0.1'),
	(1736, '2024-07-05', '0:0:0:0:0:0:0:1'),
	(1737, '2024-07-05', '0:0:0:0:0:0:0:1'),
	(1738, '2024-07-05', '0:0:0:0:0:0:0:1'),
	(1739, '2024-07-05', '0:0:0:0:0:0:0:1'),
	(1740, '2024-07-05', '0:0:0:0:0:0:0:1'),
	(1741, '2024-07-05', '0:0:0:0:0:0:0:1'),
	(1742, '2024-07-05', '0:0:0:0:0:0:0:1'),
	(1743, '2024-07-05', '0:0:0:0:0:0:0:1'),
	(1744, '2024-07-05', '0:0:0:0:0:0:0:1'),
	(1745, '2024-07-05', '0:0:0:0:0:0:0:1'),
	(1746, '2024-07-05', '0:0:0:0:0:0:0:1'),
	(1747, '2024-07-05', '0:0:0:0:0:0:0:1'),
	(1748, '2024-07-05', '0:0:0:0:0:0:0:1'),
	(1749, '2024-07-05', '0:0:0:0:0:0:0:1'),
	(1750, '2024-07-05', '0:0:0:0:0:0:0:1'),
	(1751, '2024-07-05', '0:0:0:0:0:0:0:1'),
	(1752, '2024-07-05', '0:0:0:0:0:0:0:1'),
	(1753, '2024-07-05', '0:0:0:0:0:0:0:1'),
	(1754, '2024-07-05', '0:0:0:0:0:0:0:1'),
	(1755, '2024-07-05', '0:0:0:0:0:0:0:1'),
	(1756, '2024-07-05', '0:0:0:0:0:0:0:1'),
	(1757, '2024-07-05', '0:0:0:0:0:0:0:1'),
	(1758, '2024-07-05', '0:0:0:0:0:0:0:1'),
	(1759, '2024-07-05', '0:0:0:0:0:0:0:1'),
	(1760, '2024-07-05', '127.0.0.1'),
	(1761, '2024-07-05', '0:0:0:0:0:0:0:1'),
	(1762, '2024-07-05', '0:0:0:0:0:0:0:1'),
	(1763, '2024-07-05', '0:0:0:0:0:0:0:1'),
	(1764, '2024-07-05', '0:0:0:0:0:0:0:1'),
	(1765, '2024-07-05', '0:0:0:0:0:0:0:1'),
	(1766, '2024-07-05', '0:0:0:0:0:0:0:1'),
	(1767, '2024-07-05', '0:0:0:0:0:0:0:1');

CREATE TABLE IF NOT EXISTS `wishlist` (
  `wid` int NOT NULL AUTO_INCREMENT,
  `mid` varchar(50) CHARACTER SET utf8mb3 COLLATE utf8mb3_unicode_ci NOT NULL DEFAULT '',
  `mutual` varchar(50) CHARACTER SET utf8mb3 COLLATE utf8mb3_unicode_ci DEFAULT NULL,
  `pid` int DEFAULT NULL,
  `pname` varchar(255) CHARACTER SET utf8mb3 COLLATE utf8mb3_unicode_ci DEFAULT '',
  `price` int DEFAULT NULL,
  `point` int DEFAULT NULL,
  `qty` int DEFAULT NULL,
  `file1` varchar(255) CHARACTER SET utf8mb3 COLLATE utf8mb3_unicode_ci DEFAULT NULL,
  `option_value1` varchar(255) CHARACTER SET utf8mb3 COLLATE utf8mb3_unicode_ci DEFAULT '',
  `option_value2` varchar(255) CHARACTER SET utf8mb3 COLLATE utf8mb3_unicode_ci DEFAULT '',
  `option_value3` varchar(255) CHARACTER SET utf8mb3 COLLATE utf8mb3_unicode_ci DEFAULT '',
  `option_value4` varchar(255) CHARACTER SET utf8mb3 COLLATE utf8mb3_unicode_ci DEFAULT '',
  `option_value5` varchar(255) CHARACTER SET utf8mb3 COLLATE utf8mb3_unicode_ci DEFAULT '',
  PRIMARY KEY (`wid`) USING BTREE
) ENGINE=InnoDB AUTO_INCREMENT=60 DEFAULT CHARSET=utf8mb3 COLLATE=utf8mb3_unicode_ci ROW_FORMAT=DYNAMIC;

INSERT INTO `wishlist` (`wid`, `mid`, `mutual`, `pid`, `pname`, `price`, `point`, `qty`, `file1`, `option_value1`, `option_value2`, `option_value3`, `option_value4`, `option_value5`) VALUES
	(42, '1111', '구팡', 13, '휴대하기 편리한 초경량 3단 자동 양우산', 10270, 790, 1, '23229b63b95373d5b612541cbfa6b51f63b2660c5337aded34e08fc5464b.jpg', '', '', '', '', ''),
	(47, 'yjh04722@gmail.com', '미르책방', 25, '만일 나에게 단 한 번의 아침이 남아 있다면', 19800, 990, 1, '9791193937112.jpg', '', '', '', '', ''),
	(53, 'yjh04722@gmail.com', '구팡', 6, '미즈노 프로 경식 BSS HAGA 하가 스폐셜오더 내야 글러브 MM 미야모토신야X미즈노 블랙레드카멜2(우투 글러브)', 940000, 94000, 1, '1703583381734m0.jpeg', '', '', '', '', ''),
	(58, 'yjh04722@gmail.com', '정팡', 33, '지퍼 여밈 & 후드 블루 크롭 스웨트셔츠', 430200, 478, 1, 'GWP01225.P001414-50832.JPG', '', '', '', '', ''),
	(59, 'yjh04722@gmail.com', '정팡', 32, '여성 블루 코튼 플리츠 팬츠', 86436000, 588, 147, 'GWP01203.P001484-50100.JPG', '', '', '', '', '');

/*!40103 SET TIME_ZONE=IFNULL(@OLD_TIME_ZONE, 'system') */;
/*!40101 SET SQL_MODE=IFNULL(@OLD_SQL_MODE, '') */;
/*!40014 SET FOREIGN_KEY_CHECKS=IFNULL(@OLD_FOREIGN_KEY_CHECKS, 1) */;
/*!40101 SET CHARACTER_SET_CLIENT=@OLD_CHARACTER_SET_CLIENT */;
/*!40111 SET SQL_NOTES=IFNULL(@OLD_SQL_NOTES, 1) */;
